point_code,site,stream,location,point_no,trap_no,trap_code,coll_day,date,time,butt_code,dorsal,ventral,marked,recaptured,escaped,cam_code_a,cam_code_b
UPA5d_S1,UPA5d,Dry,Stream,1,A,UPA5d_S1A,04,17/06/2016,08:18,00117_r,y,y,y,Yes,No,9245,9246
UPA5d_S2,UPA5d,Dry,Stream,2,A,UPA5d_S2A,04,17/06/2016,08:51,00102_r,y,y,y,Yes,No,9262,9263
UPA5d_S2,UPA5d,Dry,Stream,2,C,UPA5d_S2C,04,17/06/2016,09:06,00107_r,y,y,y,Yes,No,9270,9271
UPA5d_S4,UPA5d,Dry,Stream,4,A,UPA5d_S4A,04,17/06/2016,09:38,00085_r,y,y,y,Yes,No,9282,9283
UPA5d_S4,UPA5d,Dry,Stream,4,B,UPA5d_S4B,04,17/06/2016,09:42,00093_r,y,y,y,Yes,No,9285,9286
UPA5d_I3,UPA5d,Dry,Interior,3,C,UPA5d_I3C,04,17/06/2016,10:21,00067_r,y,y,y,Yes,No,9315,9316
UPA5d_I3,UPA5d,Dry,Interior,3,C,UPA5d_I3C,04,17/06/2016,10:21,00061_r,y,y,y,Yes,No,9323,9324
UPA5d_I3,UPA5d,Dry,Interior,3,C,UPA5d_I3C,04,17/06/2016,10:21,00070_r,y,y,y,Yes,No,9329,9330
UPA5d_I3,UPA5d,Dry,Interior,3,B,UPA5d_I3B,04,17/06/2016,10:41,00057_r,y,y,y,Yes,No,9342,9343
UPA5d_I2,UPA5d,Dry,Interior,2,C,UPA5d_I2C,04,17/06/2016,10:58,00099_r,y,y,y,Yes,No,9353,9354
UPA5d_I1,UPA5d,Dry,Interior,1,C,UPA5d_I1C,04,17/06/2016,11:22,00037_r,y,y,y,Yes,No,9367,9368
UPA4d_I1,UPA4d,Dry,Interior,1,C,UPA4d_I1C,04,17/06/2016,13:05,00029_r,y,y,y,Yes,No,9406,9407
UPA4d_S4,UPA4d,Dry,Stream,4,C,UPA4d_S4C,04,17/06/2016,14:35,00018_r,y,y,y,Yes,No,9481,9482
UPA4d_S2,UPA4d,Dry,Stream,2,A,UPA4d_S2A,06,19/06/2016,08:46,00200_r,y,y,y,Yes,No,9659,9570
UPA4d_I2,UPA4d,Dry,Interior,2,B,UPA4d_I2B,06,19/06/2016,10:20,00177_r,y,y,y,Yes,No,9622,9623
UPA4d_I2,UPA4d,Dry,Interior,2,B,UPA4d_I2B,06,19/06/2016,10:20,00179_r,y,y,y,Yes,No,9626,9627
UPA4d_I1,UPA4d,Dry,Interior,1,C,UPA4d_I1C,06,19/06/2016,10:35,00164_r,y,y,y,Yes,No,9632,9633
UPA4d_I1,UPA4d,Dry,Interior,1,A,UPA4d_I1A,06,19/06/2016,10:45,00029_r,y,y,y,Yes,No,9648,9649
UPA5d_I1,UPA5d,Dry,Interior,1,C,UPA5d_I1C,06,19/06/2016,12:05,00133_r,y,y,y,Yes,No,9676,9677
UPA5d_I1,UPA5d,Dry,Interior,1,C,UPA5d_I1C,06,19/06/2016,12:05,00162_r,y,y,y,Yes,No,9687,9688
UPA5d_I3,UPA5d,Dry,Interior,3,A,UPA5d_I3A,06,19/06/2016,12:48,00070_r,y,y,y,Yes,No,9723,9724
UPA5d_I3,UPA5d,Dry,Interior,3,B,UPA5d_I3B,06,19/06/2016,13:00,00146_r,y,y,y,Yes,No,9747,9748
UPA5d_I3,UPA5d,Dry,Interior,3,B,UPA5d_I3B,06,19/06/2016,13:00,00079_r,y,y,y,Yes,No,9750,9751
UPA5d_I3,UPA5d,Dry,Interior,3,C,UPA5d_I3C,06,19/06/2016,13:08,00273,y,y,y,Yes,No,9754,9755
UPA5d_I3,UPA5d,Dry,Interior,3,C,UPA5d_I3C,06,19/06/2016,13:08,00274,y,y,y,Yes,No,9756,9757
UPA5d_I3,UPA5d,Dry,Interior,3,C,UPA5d_I3C,06,19/06/2016,13:08,00144_r,y,y,y,Yes,No,9759,9760
UPA5d_I3,UPA5d,Dry,Interior,3,C,UPA5d_I3C,06,19/06/2016,13:08,00275,y,y,y,Yes,No,9761,9762
UPA5d_I3,UPA5d,Dry,Interior,3,C,UPA5d_I3C,06,19/06/2016,13:08,00143_r,y,y,y,Yes,No,9763,9765
UPA5d_I3,UPA5d,Dry,Interior,3,C,UPA5d_I3C,06,19/06/2016,13:08,00064_r,y,y,y,Yes,No,9766,9767
UPA5d_I3,UPA5d,Dry,Interior,3,C,UPA5d_I3C,06,19/06/2016,13:08,00147_r,y,y,y,Yes,No,9771,9772
UPA5d_I4,UPA5d,Dry,Interior,4,A,UPA5d_I4A,06,19/06/2016,13:25,00067_r,y,y,y,Yes,No,9780,9781
UPA5d_S4,UPA5d,Dry,Stream,4,B,UPA5d_S4B,06,19/06/2016,13:58,00094_r,y,y,y,Yes,No,9809,9810
UPA5d_S4,UPA5d,Dry,Stream,4,B,UPA5d_S4B,06,19/06/2016,13:58,00082_r,y,y,y,Yes,No,9815,9816
UPA5d_S3,UPA5d,Dry,Stream,3,A,UPA5d_S3A,06,19/06/2016,14:34,00121_r,y,y,y,Yes,No,9848,9849
UPA5d_S3,UPA5d,Dry,Stream,3,A,UPA5d_S3A,06,19/06/2016,14:34,00131_r,y,y,y,Yes,No,9852,9853
UPA5d_S2,UPA5d,Dry,Stream,2,C,UPA5d_S2C,06,19/06/2016,14:43,00110_r,y,y,y,Yes,No,9856,9857
UPA5d_S1,UPA5d,Dry,Stream,1,C,UPA5d_S1C,06,19/06/2016,15:03,00114_r,y,y,y,Yes,No,9890,9891
UPA5d_S2,UPA5d,Dry,Stream,2,B,UPA5d_S2B,08,21/06/2016,08:57,00130_r,y,y,y,Yes,No,9954,9955
UPA5d_S2,UPA5d,Dry,Stream,2,C,UPA5d_S2C,08,21/06/2016,09:03,00310_r,y,y,y,Yes,No,9959,9960
UPA5d_S2,UPA5d,Dry,Stream,2,C,UPA5d_S2C,08,21/06/2016,09:03,00309_r,y,y,y,Yes,No,9961,9962
UPA5d_S3,UPA5d,Dry,Stream,3,B,UPA5d_S3B,08,21/06/2016,09:14,00300_r,y,y,y,Yes,No,9967,9968
UPA5d_S4,UPA5d,Dry,Stream,4,A,UPA5d_S4A,08,21/06/2016,09:25,00283_r,y,y,y,Yes,No,9971,9972
UPA5d_S4,UPA5d,Dry,Stream,4,A,UPA5d_S4A,08,21/06/2016,09:25,00285_r,y,y,y,Yes,No,9975,9976
UPA5d_I4,UPA5d,Dry,Interior,4,A,UPA5d_I4A,08,21/06/2016,10:01,00138_r,y,y,y,Yes,No,9998,9999
UPA5d_I3,UPA5d,Dry,Interior,3,C,UPA5d_I3C,08,21/06/2016,10:08,00275_r,y,y,y,Yes,No,0008,0009
UPA5d_I3,UPA5d,Dry,Interior,3,C,UPA5d_I3C,08,21/06/2016,10:08,00070_r,y,y,y,Yes,No,0012,0013
UPA5d_I3,UPA5d,Dry,Interior,3,A,UPA5d_I3A,08,21/06/2016,10:23,00265_r,y,y,y,Yes,No,0028,0029
UPA5d_I3,UPA5d,Dry,Interior,3,A,UPA5d_I3A,08,21/06/2016,10:23,00268_r,y,y,y,Yes,No,0030,0031
UPA5d_I2,UPA5d,Dry,Interior,2,A,UPA5d_I2A,08,21/06/2016,10:44,00049_r,y,y,y,Yes,No,0038,0039
UPA5d_I2,UPA5d,Dry,Interior,2,A,UPA5d_I2A,08,21/06/2016,10:44,00252_r,y,y,y,Yes,No,0040,0042
UPA5d_I2,UPA5d,Dry,Interior,2,A,UPA5d_I2A,08,21/06/2016,10:44,00259_r,y,y,y,Yes,No,0045,0046
UPA5d_I1,UPA5d,Dry,Interior,1,C,UPA5d_I1C,08,21/06/2016,10:54,00247_r,y,n,n,Yes,Yes,0052,NA
UPA5d_I1,UPA5d,Dry,Interior,1,A,UPA5d_I1A,08,21/06/2016,11:05,00240_r,y,y,y,Yes,No,0063,0064
UPA4d_I1,UPA4d,Dry,Interior,1,A,UPA4d_I1A,08,21/06/2016,12:00,00238_r,y,y,y,Yes,No,0066,0068
UPA4d_I1,UPA4d,Dry,Interior,1,A,UPA4d_I1A,08,21/06/2016,12:00,00029_r,y,y,y,Yes,No,0071,0072
UPA4d_I1,UPA4d,Dry,Interior,1,B,UPA4d_I1B,08,21/06/2016,12:10,00004_r,y,y,y,Yes,No,0087,0088
UPA4d_I1,UPA4d,Dry,Interior,1,B,UPA4d_I1B,08,21/06/2016,12:10,00233_r,y,y,n,Yes,No,0092,0093
UPA4d_I1,UPA4d,Dry,Interior,1,C,UPA4d_I1C,08,21/06/2016,12:21,00187_r,y,y,n,Yes,No,0095,0096
UPA4d_I2,UPA4d,Dry,Interior,2,A,UPA4d_I2A,08,21/06/2016,12:31,00177_r,y,y,y,Yes,No,0104,0105
UPA4d_I3,UPA4d,Dry,Interior,3,B,UPA4d_I3B,08,21/06/2016,13:00,00224_r,y,y,y,Yes,No,0136,0137
UPA4d_I3,UPA4d,Dry,Interior,3,B,UPA4d_I3B,08,21/06/2016,13:00,00226_r,y,y,y,Yes,No,0141,0142
UPA4d_S4,UPA4d,Dry,Stream,4,B,UPA4d_S4B,08,21/06/2016,13:50,00011_r,y,y,y,Yes,No,0186,0187
UPA4d_S2,UPA4d,Dry,Stream,2,C,UPA4d_S2C,08,21/06/2016,14:26,00200_r,y,y,y,Yes,No,0216,0217
UPA4d_S2,UPA4d,Dry,Stream,2,B,UPA4d_S2B,08,21/06/2016,14:32,00206_r,y,y,y,Yes,No,0223,0224
UPA4d_S1,UPA4d,Dry,Stream,1,C,UPA4d_S1C,08,21/06/2016,14:43,00228_r,y,y,y,Yes,No,0234,0235
UPA4d_S1,UPA4d,Dry,Stream,1,C,UPA4d_S1C,08,21/06/2016,14:43,00216_r,y,y,y,Yes,No,0238,0239
UPA5d_S1,UPA5d,Dry,Stream,1,A,UPA5d_S1A,10,23/06/2016,08:09,00320_r,y,y,y,Yes,No,0249,0250
UPA5d_S1,UPA5d,Dry,Stream,1,A,UPA5d_S1A,10,23/06/2016,08:09,00322_r,y,y,y,Yes,No,0252,0253
UPA5d_S1,UPA5d,Dry,Stream,1,A,UPA5d_S1A,10,23/06/2016,08:09,00319_r,y,y,y,Yes,No,0256,0257
UPA5d_S3,UPA5d,Dry,Stream,3,A,UPA5d_S3A,10,23/06/2016,09:05,00300_r,y,y,y,Yes,No,0295,0296
UPA5d_S4,UPA5d,Dry,Stream,4,A,UPA5d_S4A,10,23/06/2016,09:33,00332_r,y,y,y,Yes,No,0316,0317
UPA5d_S4,UPA5d,Dry,Stream,4,A,UPA5d_S4A,10,23/06/2016,09:33,00285_r,y,y,y,Yes,No,0318,0319
UPA5d_S4,UPA5d,Dry,Stream,4,B,UPA5d_S4B,10,23/06/2016,09:42,00331_r,y,y,y,Yes,No,0323,0324
UPA5d_I3,UPA5d,Dry,Interior,3,C,UPA5d_I3C,10,23/06/2016,10:24,00131_r,y,y,y,Yes,No,0364,0365
UPA5d_I3,UPA5d,Dry,Interior,3,B,UPA5d_I3B,10,23/06/2016,10:42,00253_r,y,y,y,Yes,No,0379,0380
UPA5d_I3,UPA5d,Dry,Interior,3,A,UPA5d_I3A,10,23/06/2016,10:48,00273_r,y,y,y,Yes,No,0391,0392
UPA5d_I2,UPA5d,Dry,Interior,2,B,UPA5d_I2B,10,23/06/2016,11:09,00252_r,y,y,y,Yes,No,0407,0408
UPA5d_I2,UPA5d,Dry,Interior,2,B,UPA5d_I2B,10,23/06/2016,11:09,00347_r,y,y,y,Yes,No,0415,0416
UPA5d_I1,UPA5d,Dry,Interior,1,B,UPA5d_I1B,10,23/06/2016,11:32,00240_r,y,y,y,Yes,No,0432,0433
UPA5d_I1,UPA5d,Dry,Interior,1,A,UPA5d_I1A,10,23/06/2016,11:38,00251_r,y,y,y,Yes,No,0443,0444
UPA4d_I1,UPA4d,Dry,Interior,1,A,UPA4d_I1A,10,23/06/2016,12:37,00238_r,y,y,y,Yes,No,0457,0458
UPA4d_I1,UPA4d,Dry,Interior,1,B,UPA4d_I1B,10,23/06/2016,12:46,00029_r,y,y,y,Yes,No,0472,0473
UPA4d_I1,UPA4d,Dry,Interior,1,B,UPA4d_I1B,10,23/06/2016,12:46,00187_r,y,y,y,Yes,No,0474,0475
UPA4d_I2,UPA4d,Dry,Interior,2,B,UPA4d_I2B,10,23/06/2016,13:08,00365_r,y,y,y,Yes,No,0490,0491
UPA4d_I2,UPA4d,Dry,Interior,2,C,UPA4d_I2C,10,23/06/2016,13:11,00370_r,y,y,y,Yes,No,0502,0503
UPA4d_I2,UPA4d,Dry,Interior,2,C,UPA4d_I2C,10,23/06/2016,13:11,00357_r,y,y,y,Yes,No,0510,0511
UPA4d_I2,UPA4d,Dry,Interior,2,C,UPA4d_I2C,10,23/06/2016,13:11,00369_r,y,y,y,Yes,No,0514,0515
UPA4d_I3,UPA4d,Dry,Interior,3,A,UPA4d_I3A,10,23/06/2016,13:29,00374_r,y,y,y,Yes,No,0523,0524
UPA4d_I3,UPA4d,Dry,Interior,3,B,UPA4d_I3B,10,23/06/2016,13:36,00377_r,y,y,y,Yes,No,0532,0533
UPA4d_I3,UPA4d,Dry,Interior,3,B,UPA4d_I3B,10,23/06/2016,13:36,00226_r,y,y,y,Yes,No,0534,0535
UPA4d_I3,UPA4d,Dry,Interior,3,B,UPA4d_I3B,10,23/06/2016,13:36,00020_r,y,y,y,Yes,No,0536,0537
UPA4d_S4,UPA4d,Dry,Stream,4,C,UPA4d_S4C,10,23/06/2016,14:20,00390_r,y,y,y,Yes,No,0576,0577
UPA4d_S4,UPA4d,Dry,Stream,4,C,UPA4d_S4C,10,23/06/2016,14:20,00387_r,y,y,y,Yes,No,0581,0582
UPA4d_S4,UPA4d,Dry,Stream,4,B,UPA4d_S4B,10,23/06/2016,14:28,00385_r,y,y,y,Yes,No,0590,0591
UPA4d_S4,UPA4d,Dry,Stream,4,A,UPA4d_S4A,10,23/06/2016,14:33,00011_r,y,y,y,Yes,No,0597,0598
UPA4d_S3,UPA4d,Dry,Stream,3,C,UPA4d_S3C,10,23/06/2016,14:44,00393_r,y,y,y,Yes,No,0605,0606
UPA4d_S3,UPA4d,Dry,Stream,3,C,UPA4d_S3C,10,23/06/2016,14:44,00205_r,y,y,y,Yes,No,0611,0612
UPA4d_S3,UPA4d,Dry,Stream,3,A,UPA4d_S3A,10,23/06/2016,14:57,00394_r,y,y,y,Yes,No,0627,0628
UPA4d_S3,UPA4d,Dry,Stream,3,A,UPA4d_S3A,10,23/06/2016,14:57,00398_r,y,y,y,Yes,No,0629,0630
UPA4d_S2,UPA4d,Dry,Stream,2,C,UPA4d_S2C,10,23/06/2016,15:05,00399_r,y,y,y,Yes,No,0632,0633
UPA4d_S2,UPA4d,Dry,Stream,2,C,UPA4d_S2C,10,23/06/2016,15:05,00211_r,y,y,y,Yes,No,0634,0635
UPA4d_S2,UPA4d,Dry,Stream,2,B,UPA4d_S2B,10,23/06/2016,15:13,00400_r,y,y,y,Yes,No,0644,0645
UPA4d_S2,UPA4d,Dry,Stream,2,A,UPA4d_S2A,10,23/06/2016,15:18,00401_r,y,y,y,Yes,No,0654,0655
UPA4d_S1,UPA4d,Dry,Stream,1,C,UPA4d_S1C,10,23/06/2016,15:27,00407_r,y,y,y,Yes,No,0661,0662
PRIp_S1,PRIp,Permanent,Stream,1,A,PRIp_S1A,04,29/06/2016,08:16,00660_r,y,y,y,Yes,No,1024,1025
PRIp_S3,PRIp,Permanent,Stream,3,A,PRIp_S3A,04,29/06/2016,09:00,00649_r,y,y,y,Yes,No,1040,1041
PRIp_S3,PRIp,Permanent,Stream,3,C,PRIp_S3C,04,29/06/2016,09:12,00650_r,y,y,y,Yes,No,1046,1047
PRIp_S4,PRIp,Permanent,Stream,4,C,PRIp_S4C,04,29/06/2016,09:30,00659_r,y,y,y,Yes,No,1069,1070
PRIp_S4,PRIp,Permanent,Stream,4,C,PRIp_S4C,04,29/06/2016,09:30,00647_r,y,y,y,Yes,No,1071,1072
PRIp_S4,PRIp,Permanent,Stream,4,C,PRIp_S4C,04,29/06/2016,09:30,00644_r,y,y,y,Yes,No,1073,1074
PRIp_I4,PRIp,Permanent,Interior,4,B,PRIp_I4B,04,29/06/2016,09:57,00631_r,y,y,y,Yes,No,1082,1083
PRIp_I3,PRIp,Permanent,Interior,3,A,PRIp_I3A,04,29/06/2016,10:23,00633_r,y,y,y,Yes,No,1111,1112
PRIp_I2,PRIp,Permanent,Interior,2,A,PRIp_I2A,04,29/06/2016,10:37,00625_r,y,y,y,Yes,No,1120,1121
UPA2p_S3,UPA2p,Permanent,Stream,3,B,UPA2p_S3B,04,29/06/2016,12:57,00599_r,y,y,y,Yes,No,1204,1205
UPA2p_S3,UPA2p,Permanent,Stream,3,A,UPA2p_S3A,04,29/06/2016,13:07,00600_r,y,y,y,Yes,No,1214,1215
UPA2p_I2,UPA2p,Permanent,Interior,2,A,UPA2p_I2A,04,29/06/2016,14:44,00568_r,y,y,y,Yes,No,1349,1350
UPA2p_I2,UPA2p,Permanent,Interior,2,B,UPA2p_I2B,04,29/06/2016,14:50,00563_r,y,y,y,Yes,No,1361,1362
UPA2p_I1,UPA2p,Permanent,Interior,1,A,UPA2p_I1A,04,29/06/2016,15:10,00554_r,y,y,y,Yes,No,1393,1394
UPA2p_I1,UPA2p,Permanent,Interior,1,A,UPA2p_I1A,06,01/07/2016,07:59,00556_r,y,y,y,Yes,No,1400,1402
UPA2p_I2,UPA2p,Permanent,Interior,2,A,UPA2p_I2A,06,01/07/2016,08:23,00777_r,y,y,y,Yes,No,1417,1418
UPA2p_I2,UPA2p,Permanent,Interior,2,B,UPA2p_I2B,06,01/07/2016,08:28,00779_r,y,y,y,Yes,No,1425,1426
UPA2p_I2,UPA2p,Permanent,Interior,2,B,UPA2p_I2B,06,01/07/2016,08:28,00570_r,y,y,y,Yes,No,1429,1430
UPA2p_I2,UPA2p,Permanent,Interior,2,C,UPA2p_I2C,06,01/07/2016,08:35,00764_r,y,y,y,Yes,No,1438,1439
UPA2p_I4,UPA2p,Permanent,Interior,4,C,UPA2p_I4C,06,01/07/2016,08:59,00754_r,y,y,y,Yes,No,1450,1451
UPA2p_I4,UPA2p,Permanent,Interior,4,A,UPA2p_I4A,06,01/07/2016,09:12,00744_r,y,y,y,Yes,No,1469,1470
UPA2p_S4,UPA2p,Permanent,Stream,4,C,UPA2p_S4C,06,01/07/2016,09:25,00726_r,y,y,y,Yes,No,1482,1483
UPA2p_S4,UPA2p,Permanent,Stream,4,A,UPA2p_S4A,06,01/07/2016,09:40,00724_r,y,y,y,Yes,No,1497,1498
UPA2p_S3,UPA2p,Permanent,Stream,3,C,UPA2p_S3C,06,01/07/2016,09:55,00599_r,y,y,y,Yes,No,1506,1507
UPA2p_S3,UPA2p,Permanent,Stream,3,A,UPA2p_S3A,06,01/07/2016,09:59,00600_r,y,y,y,Yes,No,1511,1512
UPA2p_S2,UPA2p,Permanent,Stream,2,C,UPA2p_S2C,06,01/07/2016,10:12,00718_r,y,y,y,Yes,No,1523,1524
UPA2p_S2,UPA2p,Permanent,Stream,2,A,UPA2p_S2A,06,01/07/2016,10:20,00714_r,y,y,y,Yes,No,1535,1536
UPA2p_S1,UPA2p,Permanent,Stream,1,C,UPA2p_S1C,06,01/07/2016,10:27,00708_r,y,n,n,Yes,Yes,1540,NA
UPA2p_S1,UPA2p,Permanent,Stream,1,C,UPA2p_S1C,06,01/07/2016,10:27,00707_r,y,y,y,Yes,No,1543,1544
PRIp_I1,PRIp,Permanent,Interior,1,A,PRIp_I1A,06,02/07/2016,10:22,00695_r,y,y,y,Yes,No,1585,1586
PRIp_I1,PRIp,Permanent,Interior,1,C,PRIp_I1C,06,02/07/2016,10:32,00696_r,y,y,y,Yes,No,1603,1604
PRIp_I4,PRIp,Permanent,Interior,4,A,PRIp_I4A,06,02/07/2016,11:07,00633_r,y,y,y,Yes,No,1658,1659
PRIp_S4,PRIp,Permanent,Stream,4,C,PRIp_S4C,06,02/07/2016,11:43,00683_r,y,y,y,Yes,No,1694,1695
PRIp_S4,PRIp,Permanent,Stream,4,C,PRIp_S4C,06,02/07/2016,11:43,00674_r,y,y,y,Yes,No,1696,1697
PRIp_S4,PRIp,Permanent,Stream,4,B,PRIp_S4B,06,02/07/2016,11:49,00641_r,y,y,y,Yes,No,1699,1700
PRIp_S4,PRIp,Permanent,Stream,4,B,PRIp_S4B,06,02/07/2016,11:49,00648_r,y,y,y,Yes,No,1701,1702
PRIp_S4,PRIp,Permanent,Stream,4,A,PRIp_S4A,06,02/07/2016,11:55,00644_r,y,y,y,Yes,No,1709,1710
PRIp_S4,PRIp,Permanent,Stream,4,A,PRIp_S4A,06,02/07/2016,11:55,00677_r,y,y,y,Yes,No,1713,1714
PRIp_S3,PRIp,Permanent,Stream,3,C,PRIp_S3C,06,02/07/2016,12:01,00650_r,y,y,y,Yes,No,1721,1722
PRIp_S3,PRIp,Permanent,Stream,3,A,PRIp_S3A,06,02/07/2016,12:07,00671_r,y,y,y,Yes,No,1731,1732
PRIp_S2,PRIp,Permanent,Stream,2,C,PRIp_S2C,06,02/07/2016,12:17,00669_r,y,y,y,Yes,No,1748,1749
PRIp_S1,PRIp,Permanent,Stream,1,A,PRIp_S1A,06,02/07/2016,12:45,00660_r,y,y,y,Yes,No,1772,1773
PRIp_S3,PRIp,Permanent,Stream,3,C,PRIp_S3C,08,03/07/2016,08:45,00671_r,y,y,y,Yes,No,1839,1840
PRIp_S4,PRIp,Permanent,Stream,4,C,PRIp_S4C,08,03/07/2016,08:51,00903_r,y,y,y,Yes,No,1843,1844
PRIp_S4,PRIp,Permanent,Stream,4,C,PRIp_S4C,08,03/07/2016,08:51,00677_r,y,y,y,Yes,No,1848,1849
PRIp_S4,PRIp,Permanent,Stream,4,A,PRIp_S4A,08,03/07/2016,09:01,00904_r,y,y,y,Yes,No,1859,1860
PRIp_S4,PRIp,Permanent,Stream,4,A,PRIp_S4A,08,03/07/2016,09:01,00930_r,y,y,y,Yes,No,1861,1862
PRIp_I4,PRIp,Permanent,Interior,4,C,PRIp_I4C,08,03/07/2016,09:19,00685_r,y,y,y,Yes,No,1864,1865
PRIp_I4,PRIp,Permanent,Interior,4,C,PRIp_I4C,08,03/07/2016,09:19,00900_r,y,y,y,Yes,No,1868,1869
PRIp_I4,PRIp,Permanent,Interior,4,B,PRIp_I4B,08,03/07/2016,09:28,00897_r,y,y,y,Yes,No,1871,1872
PRIp_I4,PRIp,Permanent,Interior,4,B,PRIp_I4B,08,03/07/2016,09:28,00680_r,y,y,y,Yes,No,1873,1874
PRIp_I4,PRIp,Permanent,Interior,4,A,PRIp_I4A,08,03/07/2016,09:35,00898_r,y,y,y,Yes,No,1882,1883
PRIp_I4,PRIp,Permanent,Interior,4,A,PRIp_I4A,08,03/07/2016,09:35,00637_r,y,y,y,Yes,No,1884,1885
PRIp_I4,PRIp,Permanent,Interior,4,A,PRIp_I4A,08,03/07/2016,09:35,00633_r,y,y,y,Yes,No,1886,1887
PRIp_I2,PRIp,Permanent,Interior,2,C,PRIp_I2C,08,03/07/2016,09:55,00873_r,y,y,y,Yes,No,1896,1897
PRIp_I2,PRIp,Permanent,Interior,2,B,PRIp_I2B,08,03/07/2016,10:00,00665_r,y,y,y,Yes,No,1899,1900
PRIp_I1,PRIp,Permanent,Interior,1,B,PRIp_I1B,08,03/07/2016,10:15,00858_r,y,y,y,Yes,No,1912,1913
PRIp_I1,PRIp,Permanent,Interior,1,A,PRIp_I1A,08,03/07/2016,10:20,00855_r,y,y,y,Yes,No,1918,1919
UPA2p_S1,UPA2p,Permanent,Stream,1,C,UPA2p_S1C,08,03/07/2016,11:59,00707_r,y,y,y,Yes,No,1942,1943
UPA2p_S2,UPA2p,Permanent,Stream,2,A,UPA2p_S2A,08,03/07/2016,12:10,00841_r,y,y,y,Yes,No,1945,1946
UPA2p_S2,UPA2p,Permanent,Stream,2,B,UPA2p_S2B,08,03/07/2016,12:14,00708_r,y,y,y,Yes,No,1952,1953
UPA2p_S2,UPA2p,Permanent,Stream,2,C,UPA2p_S2C,08,03/07/2016,12:19,00714_r,y,y,y,Yes,No,1959,1960
UPA2p_S3,UPA2p,Permanent,Stream,3,B,UPA2p_S3B,08,03/07/2016,12:30,00715_r,y,y,y,Yes,No,1972,1973
UPA2p_S3,UPA2p,Permanent,Stream,3,A,UPA2p_S3A,08,03/07/2016,12:38,00807_r,y,y,y,Yes,No,1986,1987
UPA2p_S3,UPA2p,Permanent,Stream,3,C,UPA2p_S3C,08,03/07/2016,12:43,00708_r,y,y,y,Yes,No,1991,1992
UPA2p_S3,UPA2p,Permanent,Stream,3,C,UPA2p_S3C,08,03/07/2016,12:43,00601_r,y,y,y,Yes,No,2007,2008
UPA2p_S4,UPA2p,Permanent,Stream,4,C,UPA2p_S4C,08,03/07/2016,13:12,00818_r,y,y,y,Yes,No,2046,2047
UPA2p_I4,UPA2p,Permanent,Interior,4,C,UPA2p_I4C,08,03/07/2016,13:45,00813_r,y,y,y,Yes,No,2091,2092
UPA2p_I4,UPA2p,Permanent,Interior,4,B,UPA2p_I4B,08,03/07/2016,13:53,00744_r,y,y,y,Yes,No,2098,2099
UPA2p_I4,UPA2p,Permanent,Interior,4,A,UPA2p_I4A,08,03/07/2016,13:56,00754_r,y,y,y,Yes,No,2112,2113
UPA2p_I2,UPA2p,Permanent,Interior,2,A,UPA2p_I2A,08,03/07/2016,14:43,00767_r,y,y,y,Yes,No,2159,2160
UPA2p_I1,UPA2p,Permanent,Interior,1,B,UPA2p_I1B,08,03/07/2016,14:59,00781_r,y,y,y,Yes,No,2180,2181
UPA2p_I1,UPA2p,Permanent,Interior,1,B,UPA2p_I1B,08,03/07/2016,14:59,00786_r,y,y,y,Yes,No,2182,2183
UPA2p_I1,UPA2p,Permanent,Interior,1,A,UPA2p_I1A,08,03/07/2016,15:06,00778_r,y,y,y,Yes,No,2191,2192
UPA2p_I1,UPA2p,Permanent,Interior,1,A,UPA2p_I1A,08,03/07/2016,15:06,00711_r,y,y,y,Yes,No,2195,2196
UPA2p_I1,UPA2p,Permanent,Interior,1,A,UPA2p_I1A,08,03/07/2016,15:06,00787_r,y,y,y,Yes,No,2202,2203
UPA2p_I1,UPA2p,Permanent,Interior,1,A,UPA2p_I1A,08,03/07/2016,15:06,00554_r,y,y,y,Yes,No,2206,2207
PRIp_S1,PRIp,Permanent,Stream,1,B,PRIp_S1B,10,05/07/2016,08:35,00929_r,y,y,y,Yes,No,2230,2231
PRIp_S2,PRIp,Permanent,Stream,2,C,PRIp_S2C,10,05/07/2016,09:00,00936_r,y,y,y,Yes,No,2250,2251
PRIp_S2,PRIp,Permanent,Stream,2,C,PRIp_S2C,10,05/07/2016,09:00,00669_r,y,y,y,Yes,No,2252,2253
PRIp_S3,PRIp,Permanent,Stream,3,A,PRIp_S3A,10,05/07/2016,09:09,00939_r,y,y,y,Yes,No,2255,2256
PRIp_S3,PRIp,Permanent,Stream,3,A,PRIp_S3A,10,05/07/2016,09:09,00683_r,y,y,y,Yes,No,2259,2260
PRIp_S3,PRIp,Permanent,Stream,3,C,PRIp_S3C,10,05/07/2016,09:24,00649_r,y,y,y,Yes,No,2273,2274
PRIp_S3,PRIp,Permanent,Stream,3,C,PRIp_S3C,10,05/07/2016,09:24,00671_r,y,y,y,Yes,No,2275,2277
PRIp_S4,PRIp,Permanent,Stream,4,A,PRIp_S4A,10,05/07/2016,09:35,00641_r,y,y,y,Yes,No,2289,2290
PRIp_S4,PRIp,Permanent,Stream,4,A,PRIp_S4A,10,05/07/2016,09:35,00644_r,y,y,y,Yes,No,2291,2292
PRIp_S4,PRIp,Permanent,Stream,4,B,PRIp_S4B,10,05/07/2016,09:42,00647_r,y,y,y,Yes,No,2296,2297
PRIp_I4,PRIp,Permanent,Interior,4,C,PRIp_I4C,10,05/07/2016,10:10,00877_r,y,y,y,Yes,No,2311,2312
PRIp_I4,PRIp,Permanent,Interior,4,C,PRIp_I4C,10,05/07/2016,10:10,00930_r,y,y,y,Yes,No,2313,2314
PRIp_I4,PRIp,Permanent,Interior,4,C,PRIp_I4C,10,05/07/2016,10:10,00685_r,y,y,y,Yes,No,2319,2320
PRIp_I4,PRIp,Permanent,Interior,4,C,PRIp_I4C,10,05/07/2016,10:10,00898_r,y,y,y,Yes,No,2325,2326
PRIp_I4,PRIp,Permanent,Interior,4,B,PRIp_I4B,10,05/07/2016,10:20,00895_r,y,y,y,Yes,No,2329,2330
PRIp_I4,PRIp,Permanent,Interior,4,B,PRIp_I4B,10,05/07/2016,10:20,00897_r,y,y,y,Yes,No,2331,2332
PRIp_I4,PRIp,Permanent,Interior,4,B,PRIp_I4B,10,05/07/2016,10:20,00680_r,y,y,y,Yes,No,2335,2336
PRIp_I4,PRIp,Permanent,Interior,4,A,PRIp_I4A,10,05/07/2016,10:27,00900_r,y,y,y,Yes,No,2340,2341
PRIp_I4,PRIp,Permanent,Interior,4,A,PRIp_I4A,10,05/07/2016,10:27,00633_r,y,y,y,Yes,No,2344,2345
PRIp_I4,PRIp,Permanent,Interior,4,A,PRIp_I4A,10,05/07/2016,10:27,00899_r,y,y,y,Yes,No,2346,2347
PRIp_I3,PRIp,Permanent,Interior,3,A,PRIp_I3A,10,05/07/2016,10:50,00916_r,y,y,y,Yes,No,2363,2364
PRIp_I2,PRIp,Permanent,Interior,2,C,PRIp_I2C,10,05/07/2016,11:01,00699_r,y,y,y,Yes,No,2377,2378
PRIp_I2,PRIp,Permanent,Interior,2,B,PRIp_I2B,10,05/07/2016,11:10,00949_r,y,y,y,Yes,No,2382,2383
PRIp_I2,PRIp,Permanent,Interior,2,A,PRIp_I2A,10,05/07/2016,11:13,00696_r,y,y,y,Yes,No,2385,2386
PRIp_I1,PRIp,Permanent,Interior,1,C,PRIp_I1C,10,05/07/2016,11:20,00665_r,y,y,y,Yes,No,2390,2391
PRIp_I1,PRIp,Permanent,Interior,1,C,PRIp_I1C,10,05/07/2016,11:20,00625_r,y,y,y,Yes,No,2392,2393
PRIp_I1,PRIp,Permanent,Interior,1,A,PRIp_I1A,10,05/07/2016,11:41,00698_r,y,y,y,Yes,No,2417,2418
PRIp_I1,PRIp,Permanent,Interior,1,A,PRIp_I1A,10,05/07/2016,11:41,00858_r,y,y,y,Yes,No,2419,2420
UPA2p_S1,UPA2p,Permanent,Stream,1,A,UPA2p_S1A,10,05/07/2016,13:08,00608_r,y,y,y,Yes,No,2426,2427
UPA2p_S1,UPA2p,Permanent,Stream,1,C,UPA2p_S1C,10,05/07/2016,13:16,00707_r,y,y,y,Yes,No,2435,2436
UPA2p_S2,UPA2p,Permanent,Stream,2,C,UPA2p_S2C,10,05/07/2016,13:39,00965_r,y,y,y,Yes,No,2454,2455
UPA2p_S2,UPA2p,Permanent,Stream,2,C,UPA2p_S2C,10,05/07/2016,13:39,00714_r,y,y,y,Yes,No,2458,2459
UPA2p_S3,UPA2p,Permanent,Stream,3,B,UPA2p_S3B,10,05/07/2016,13:50,00977_r,y,y,y,Yes,No,2483,2484
UPA2p_S3,UPA2p,Permanent,Stream,3,A,UPA2p_S3A,10,05/07/2016,14:04,00972_r,y,y,y,Yes,No,2494,2495
UPA2p_S3,UPA2p,Permanent,Stream,3,A,UPA2p_S3A,10,05/07/2016,14:04,00982_r,y,y,y,Yes,No,2496,2497
UPA2p_S3,UPA2p,Permanent,Stream,3,C,UPA2p_S3C,10,05/07/2016,14:10,00708_r,y,y,y,Yes,No,2505,2506
UPA2p_S3,UPA2p,Permanent,Stream,3,C,UPA2p_S3C,10,05/07/2016,14:10,00967_r,y,y,y,Yes,No,2511,2512
UPA2p_S4,UPA2p,Permanent,Stream,4,A,UPA2p_S4A,10,05/07/2016,14:21,00988_r,y,y,y,Yes,No,2516,2517
UPA2p_S4,UPA2p,Permanent,Stream,4,C,UPA2p_S4C,10,05/07/2016,14:33,00820_r,y,y,y,Yes,No,2540,2541
UPA2p_S4,UPA2p,Permanent,Stream,4,C,UPA2p_S4C,10,05/07/2016,14:33,01010_r,y,y,y,Yes,No,2544,2545
UPA2p_S4,UPA2p,Permanent,Stream,4,B,UPA2p_S4B,10,05/07/2016,14:40,00989_r,y,y,y,Yes,No,2553,2554
UPA2p_I4,UPA2p,Permanent,Interior,4,B,UPA2p_I4B,10,05/07/2016,15:05,00813_r,y,y,y,Yes,No,2578,2579
UPA2p_I4,UPA2p,Permanent,Interior,4,B,UPA2p_I4B,10,05/07/2016,15:05,01006_r,y,y,y,Yes,No,2580,2581
UPA2p_I3,UPA2p,Permanent,Interior,3,C,UPA2p_I3C,10,05/07/2016,15:16,01019_r,y,y,y,Yes,No,2592,2593
UPA2p_I3,UPA2p,Permanent,Interior,3,C,UPA2p_I3C,10,05/07/2016,15:16,00584_r,y,y,y,Yes,No,2594,2595
UPA2p_I2,UPA2p,Permanent,Interior,2,C,UPA2p_I2C,10,05/07/2016,15:28,01029_r,y,y,y,Yes,No,2605,2606
UPA2p_I1,UPA2p,Permanent,Interior,1,C,UPA2p_I1C,10,05/07/2016,15:40,00781_r,y,y,y,Yes,No,2619,2620
UPA2p_I1,UPA2p,Permanent,Interior,1,B,UPA2p_I1B,10,05/07/2016,15:46,01039_r,y,y,y,Yes,No,2624,2625
UPA2p_I1,UPA2p,Permanent,Interior,1,B,UPA2p_I1B,10,05/07/2016,15:46,00786_r,y,y,y,Yes,No,2628,2629
UPA2p_I1,UPA2p,Permanent,Interior,1,A,UPA2p_I1A,10,05/07/2016,15:52,00787_r,y,y,y,Yes,No,2631,2632
UPA5p_S1,UPA5p,Permanent,Stream,1,B,UPA5p_S1B,04,11/07/2016,08:39,01312_r,y,y,y,Yes,No,3058,3059
UPA5p_S2,UPA5p,Permanent,Stream,2,A,UPA5p_S2A,04,11/07/2016,09:00,01316_r,y,y,y,Yes,No,3068,3069
UPA5p_I3,UPA5p,Permanent,Interior,3,B,UPA5p_I3B,04,11/07/2016,10:49,01254_r,y,y,y,Yes,No,3186,3187
UPA4p_S2,UPA4p,Permanent,Stream,2,A,UPA4p_S2A,04,11/07/2016,15:21,01191_r,y,y,y,Yes,No,3445,3446
UPA4p_S1,UPA4p,Permanent,Stream,1,B,UPA4p_S1B,04,11/07/2016,15:33,01174_r,y,y,y,Yes,No,3483,3484
UPA4p_S1,UPA4p,Permanent,Stream,1,A,UPA4p_S1A,06,13/07/2016,08:16,01218_r,y,y,y,Yes,No,3523,3524
UPA4p_S1,UPA4p,Permanent,Stream,1,B,UPA4p_S1B,06,13/07/2016,08:25,01497_r,y,y,y,Yes,No,3532,3533
UPA4p_S1,UPA4p,Permanent,Stream,1,B,UPA4p_S1B,06,13/07/2016,08:25,01501_r,y,y,y,Yes,No,3536,3537
UPA4p_S1,UPA4p,Permanent,Stream,1,C,UPA4p_S1C,06,13/07/2016,08:35,01493_r,y,y,y,Yes,No,3547,3548
UPA4p_S1,UPA4p,Permanent,Stream,1,C,UPA4p_S1C,06,13/07/2016,08:35,01485_r,y,y,y,Yes,No,3553,3554
UPA4p_S4,UPA4p,Permanent,Stream,4,A,UPA4p_S4A,06,13/07/2016,09:18,01449_r,y,y,y,Yes,No,3588,3589
UPA4p_S4,UPA4p,Permanent,Stream,4,C,UPA4p_S4C,06,13/07/2016,09:35,01441_r,y,y,y,Yes,No,3607,3608
UPA4p_S4,UPA4p,Permanent,Stream,4,C,UPA4p_S4C,06,13/07/2016,09:35,01437_r,y,y,y,Yes,No,3611,3612
UPA4p_I4,UPA4p,Permanent,Interior,4,A,UPA4p_I4A,06,13/07/2016,10:00,01434_r,y,y,y,Yes,No,3623,3624
UPA4p_I3,UPA4p,Permanent,Interior,3,C,UPA4p_I3C,06,13/07/2016,10:19,01435_r,y,y,y,Yes,No,3648,3649
UPA4p_I3,UPA4p,Permanent,Interior,3,C,UPA4p_I3C,06,13/07/2016,10:19,01198_r,y,y,y,Yes,No,3652,3653
UPA4p_I3,UPA4p,Permanent,Interior,3,C,UPA4p_I3C,06,13/07/2016,10:19,01415_r,y,y,y,Yes,No,3654,3655
UPA4p_I2,UPA4p,Permanent,Interior,2,C,UPA4p_I2C,06,13/07/2016,10:38,01411_r,y,y,y,Yes,No,3675,3676
UPA4p_I2,UPA4p,Permanent,Interior,2,C,UPA4p_I2C,06,13/07/2016,10:38,01410_r,y,y,y,Yes,No,3677,3678
UPA4p_I1,UPA4p,Permanent,Interior,1,C,UPA4p_I1C,06,13/07/2016,11:04,01402_r,y,y,y,Yes,No,3718,3719
UPA4p_I1,UPA4p,Permanent,Interior,1,A,UPA4p_I1A,06,13/07/2016,11:15,01393_r,y,y,y,Yes,No,3744,3745
UPA4p_I1,UPA4p,Permanent,Interior,1,A,UPA4p_I1A,06,13/07/2016,11:15,01397_r,y,y,y,Yes,No,3752,3753
UPA5p_I1,UPA5p,Permanent,Interior,1,A,UPA5p_I1A,06,13/07/2016,12:25,01389_r,y,y,y,Yes,No,3823,3824
UPA5p_I1,UPA5p,Permanent,Interior,1,A,UPA5p_I1A,06,13/07/2016,12:25,01382_r,y,y,y,Yes,No,3827,3828
UPA5p_I1,UPA5p,Permanent,Interior,1,B,UPA5p_I1B,06,13/07/2016,12:37,01385_r,y,y,y,Yes,No,3867,3868
UPA5p_I2,UPA5p,Permanent,Interior,2,A,UPA5p_I2A,06,13/07/2016,12:53,01317_r,y,y,y,Yes,No,3877,3878
UPA5p_I2,UPA5p,Permanent,Interior,2,C,UPA5p_I2C,06,13/07/2016,13:07,01327_r,y,y,y,Yes,No,3901,3902
UPA5p_I4,UPA5p,Permanent,Interior,4,B,UPA5p_I4B,06,13/07/2016,13:43,01259_r,y,y,y,Yes,No,3957,3959
UPA5p_I4,UPA5p,Permanent,Interior,4,C,UPA5p_I4C,06,13/07/2016,13:54,01356_r,y,y,y,Yes,No,3977,3979
UPA5p_S4,UPA5p,Permanent,Stream,4,C,UPA5p_S4C,06,13/07/2016,14:15,01348_r,y,y,y,Yes,No,4008,4009
UPA5p_S4,UPA5p,Permanent,Stream,4,B,UPA5p_S4B,06,13/07/2016,14:27,01349_r,y,y,y,Yes,No,4026,4027
UPA5p_S3,UPA5p,Permanent,Stream,3,C,UPA5p_S3C,06,13/07/2016,14:42,01342_r,y,y,y,Yes,No,4061,4062
UPA5p_S2,UPA5p,Permanent,Stream,2,B,UPA5p_S2B,06,13/07/2016,15:11,01307_r,y,y,y,Yes,No,4103,4104
UPA5p_S1,UPA5p,Permanent,Stream,1,A,UPA5p_S1A,06,13/07/2016,15:42,01297_r,y,y,y,Yes,No,4130,4131
UPA5p_S1,UPA5p,Permanent,Stream,1,B,UPA5p_S1B,08,15/07/2016,08:48,01697_r,y,y,y,Yes,No,4160,4161
UPA5p_S2,UPA5p,Permanent,Stream,2,A,UPA5p_S2A,08,15/07/2016,09:03,01315_r,y,y,y,Yes,No,4168,4169
UPA5p_S2,UPA5p,Permanent,Stream,2,A,UPA5p_S2A,08,15/07/2016,09:03,01690_r,y,y,y,Yes,No,4175,4176
UPA5p_S3,UPA5p,Permanent,Stream,3,B,UPA5p_S3B,08,15/07/2016,09:27,01668_r,y,y,y,Yes,No,4194,4195
UPA5p_S3,UPA5p,Permanent,Stream,3,C,UPA5p_S3C,08,15/07/2016,09:32,01680_r,y,y,y,Yes,No,4210,4211
UPA5p_S3,UPA5p,Permanent,Stream,3,C,UPA5p_S3C,08,15/07/2016,09:32,01666_r,y,y,y,Yes,No,4216,4217
UPA5p_S4,UPA5p,Permanent,Stream,4,C,UPA5p_S4C,08,15/07/2016,09:53,01649_r,y,y,y,Yes,No,4236,4237
UPA5p_I4,UPA5p,Permanent,Interior,4,C,UPA5p_I4C,08,15/07/2016,10:12,01636_r,y,y,y,Yes,No,4243,4244
UPA5p_I4,UPA5p,Permanent,Interior,4,C,UPA5p_I4C,08,15/07/2016,10:12,01633_r,y,y,y,Yes,No,4247,4248
UPA5p_I4,UPA5p,Permanent,Interior,4,B,UPA5p_I4B,08,15/07/2016,10:17,01286_r,y,y,y,Yes,No,4252,4253
UPA5p_I4,UPA5p,Permanent,Interior,4,B,UPA5p_I4B,08,15/07/2016,10:17,01635_r,y,y,y,Yes,No,4254,4255
UPA5p_I4,UPA5p,Permanent,Interior,4,A,UPA5p_I4A,08,15/07/2016,10:22,01364_r,y,y,y,Yes,No,4259,4260
UPA5p_I3,UPA5p,Permanent,Interior,3,C,UPA5p_I3C,08,15/07/2016,10:28,01623_r,y,y,y,Yes,No,4266,4267
UPA5p_I2,UPA5p,Permanent,Interior,2,C,UPA5p_I2C,08,15/07/2016,10:42,01584_r,y,y,y,Yes,No,4281,4282
UPA5p_I1,UPA5p,Permanent,Interior,1,B,UPA5p_I1B,08,15/07/2016,11:02,01589_r,y,y,y,Yes,No,4297,4298
UPA5p_I1,UPA5p,Permanent,Interior,1,B,UPA5p_I1B,08,15/07/2016,11:02,01588_r,y,y,y,Yes,No,4302,4303
UPA5p_I1,UPA5p,Permanent,Interior,1,A,UPA5p_I1A,08,15/07/2016,11:07,01385_r,y,y,y,Yes,No,4313,4314
UPA4p_I1,UPA4p,Permanent,Interior,1,A,UPA4p_I1A,08,15/07/2016,12:19,01580_r,y,y,y,Yes,No,4329,4330
UPA4p_I1,UPA4p,Permanent,Interior,1,C,UPA4p_I1C,08,15/07/2016,12:34,01571_r,y,y,y,Yes,No,4350,4351
UPA4p_I2,UPA4p,Permanent,Interior,2,A,UPA4p_I2A,08,15/07/2016,12:45,01563_r,y,y,y,Yes,No,4364,4365
UPA4p_I2,UPA4p,Permanent,Interior,2,A,UPA4p_I2A,08,15/07/2016,12:45,01560_r,y,y,y,Yes,No,4368,4369
UPA4p_I2,UPA4p,Permanent,Interior,2,A,UPA4p_I2A,08,15/07/2016,12:45,01562_r,y,y,y,Yes,No,4379,4380
UPA4p_I2,UPA4p,Permanent,Interior,2,B,UPA4p_I2B,08,15/07/2016,12:54,01577_r,y,y,y,Yes,No,4382,4383
UPA4p_I3,UPA4p,Permanent,Interior,3,C,UPA4p_I3C,08,15/07/2016,13:23,01214_r,y,y,y,Yes,No,4431,4432
UPA4p_I3,UPA4p,Permanent,Interior,3,C,UPA4p_I3C,08,15/07/2016,13:23,01198_r,y,y,y,Yes,No,4437,4438
UPA4p_I4,UPA4p,Permanent,Interior,4,C,UPA4p_I4C,08,15/07/2016,13:37,01179_r,y,y,y,Yes,No,4444,4445
UPA4p_S4,UPA4p,Permanent,Stream,4,C,UPA4p_S4C,08,15/07/2016,14:06,01437_r,y,y,y,Yes,No,4468,4469
UPA4p_S4,UPA4p,Permanent,Stream,4,C,UPA4p_S4C,08,15/07/2016,14:06,01531_r,y,y,y,Yes,No,4472,4473
UPA4p_S4,UPA4p,Permanent,Stream,4,B,UPA4p_S4B,08,15/07/2016,14:14,01446_r,y,y,y,Yes,No,4484,4485
UPA4p_S4,UPA4p,Permanent,Stream,4,B,UPA4p_S4B,08,15/07/2016,14:14,01436_r,y,y,y,Yes,No,4490,4491
UPA4p_S3,UPA4p,Permanent,Stream,3,A,UPA4p_S3A,08,15/07/2016,14:38,01465_r,y,y,y,Yes,No,4513,4513
UPA4p_S3,UPA4p,Permanent,Stream,3,A,UPA4p_S3A,08,15/07/2016,14:38,01469_r,y,y,y,Yes,No,4526,4527
UPA4p_S1,UPA4p,Permanent,Stream,1,C,UPA4p_S1C,08,15/07/2016,15:07,01481_r,y,y,y,Yes,No,4570,4571
UPA4p_S1,UPA4p,Permanent,Stream,1,B,UPA4p_S1B,08,15/07/2016,15:13,01485_r,y,y,y,Yes,No,4573,4574
UPA4p_S1,UPA4p,Permanent,Stream,1,B,UPA4p_S1B,08,15/07/2016,15:13,01493_r,y,y,y,Yes,No,4577,4578
UPA4p_S1,UPA4p,Permanent,Stream,1,B,UPA4p_S1B,08,15/07/2016,15:13,01490_r,y,y,y,Yes,No,4583,4584
UPA5p_S1,UPA5p,Permanent,Stream,1,C,UPA5p_S1C,10,17/07/2016,09:05,01307_r,y,y,y,Yes,No,4690,4691
UPA5p_S3,UPA5p,Permanent,Stream,3,A,UPA5p_S3A,10,17/07/2016,09:35,01337_r,y,y,y,Yes,No,4714,4715
UPA5p_S3,UPA5p,Permanent,Stream,3,A,UPA5p_S3A,10,17/07/2016,09:35,01723_r,y,y,y,Yes,No,4716,4717
UPA5p_S3,UPA5p,Permanent,Stream,3,A,UPA5p_S3A,10,17/07/2016,09:35,01721_r,y,y,y,Yes,No,4718,4719
UPA5p_S3,UPA5p,Permanent,Stream,3,C,UPA5p_S3C,10,17/07/2016,09:48,01666_r,y,y,y,Yes,No,4723,4724
UPA5p_S4,UPA5p,Permanent,Stream,4,A,UPA5p_S4A,10,17/07/2016,10:03,01652_r,y,y,y,Yes,No,4740,4741
UPA5p_S4,UPA5p,Permanent,Stream,4,A,UPA5p_S4A,10,17/07/2016,10:03,01651_r,y,y,y,Yes,No,4742,4743
UPA5p_S4,UPA5p,Permanent,Stream,4,A,UPA5p_S4A,10,17/07/2016,10:03,01361_r,y,y,y,Yes,No,4748,4749
UPA5p_S4,UPA5p,Permanent,Stream,4,C,UPA5p_S4C,10,17/07/2016,10:16,01646_r,y,y,y,Yes,No,4754,4755
UPA5p_S4,UPA5p,Permanent,Stream,4,C,UPA5p_S4C,10,17/07/2016,10:16,01649_r,y,y,y,Yes,No,4756,4757
UPA5p_I4,UPA5p,Permanent,Interior,4,C,UPA5p_I4C,10,17/07/2016,10:39,01636_r,y,y,y,Yes,No,4769,4770
UPA5p_I4,UPA5p,Permanent,Interior,4,C,UPA5p_I4C,10,17/07/2016,10:39,01359_r,y,y,y,Yes,No,4775,4776
UPA5p_I4,UPA5p,Permanent,Interior,4,B,UPA5p_I4B,10,17/07/2016,10:45,01633_r,y,y,y,Yes,No,4784,4785
UPA5p_I3,UPA5p,Permanent,Interior,3,B,UPA5p_I3B,10,17/07/2016,11:11,01740_r,y,y,y,Yes,No,4818,4819
UPA5p_I3,UPA5p,Permanent,Interior,3,A,UPA5p_I3A,10,17/07/2016,11:16,01621_r,y,y,y,Yes,No,4824,4825
UPA5p_I2,UPA5p,Permanent,Interior,2,C,UPA5p_I2C,10,17/07/2016,11:26,01607_r,y,y,y,Yes,No,4829,4830
UPA5p_I1,UPA5p,Permanent,Interior,1,B,UPA5p_I1B,10,17/07/2016,11:41,01589_r,y,y,y,Yes,No,4839,4840
UPA5p_I1,UPA5p,Permanent,Interior,1,B,UPA5p_I1B,10,17/07/2016,11:41,01293_r,y,y,y,Yes,No,4843,4844
UPA5p_I1,UPA5p,Permanent,Interior,1,B,UPA5p_I1B,10,17/07/2016,11:41,01243_r,y,y,y,Yes,No,4847,4848
UPA5p_I1,UPA5p,Permanent,Interior,1,A,UPA5p_I1A,10,17/07/2016,11:46,01588_r,y,y,y,Yes,No,4852,4853
UPA4p_I1,UPA4p,Permanent,Interior,1,A,UPA4p_I1A,10,17/07/2016,13:00,01761_r,y,y,y,Yes,No,4864,4865
UPA4p_I1,UPA4p,Permanent,Interior,1,A,UPA4p_I1A,10,17/07/2016,13:00,01409_r,y,y,y,Yes,No,4866,4867
UPA4p_I1,UPA4p,Permanent,Interior,1,A,UPA4p_I1A,10,17/07/2016,13:00,01758_r,y,y,y,Yes,No,4870,4871
UPA4p_I1,UPA4p,Permanent,Interior,1,A,UPA4p_I1A,10,17/07/2016,13:00,01580_r,y,y,y,Yes,No,4872,4873
UPA4p_I1,UPA4p,Permanent,Interior,1,B,UPA4p_I1B,10,17/07/2016,13:07,01757_r,y,y,y,Yes,No,4880,4881
UPA4p_I1,UPA4p,Permanent,Interior,1,C,UPA4p_I1C,10,17/07/2016,13:15,01772_r,y,y,y,Yes,No,4888,4889
UPA4p_I1,UPA4p,Permanent,Interior,1,C,UPA4p_I1C,10,17/07/2016,13:15,01768_r,y,y,y,Yes,No,4895,4896
UPA4p_I2,UPA4p,Permanent,Interior,2,A,UPA4p_I2A,10,17/07/2016,13:25,01782_r,y,y,y,Yes,No,4908,4909
UPA4p_I2,UPA4p,Permanent,Interior,2,A,UPA4p_I2A,10,17/07/2016,13:25,01773_r,y,y,y,Yes,No,4914,4915
UPA4p_I2,UPA4p,Permanent,Interior,2,A,UPA4p_I2A,10,17/07/2016,13:25,01223_r,y,y,y,Yes,No,4916,4917
UPA4p_I2,UPA4p,Permanent,Interior,2,B,UPA4p_I2B,10,17/07/2016,13:33,01794_r,y,y,y,Yes,No,4934,4935
UPA4p_I2,UPA4p,Permanent,Interior,2,C,UPA4p_I2C,10,17/07/2016,13:40,01783_r,y,y,y,Yes,No,4939,4940
UPA4p_I2,UPA4p,Permanent,Interior,2,C,UPA4p_I2C,10,17/07/2016,13:40,01565_r,y,y,y,Yes,No,4943,4944
UPA4p_I3,UPA4p,Permanent,Interior,3,A,UPA4p_I3A,10,17/07/2016,13:49,01785_r,y,y,y,Yes,No,4956,4957
UPA4p_I3,UPA4p,Permanent,Interior,3,A,UPA4p_I3A,10,17/07/2016,13:49,01198_r,y,y,y,Yes,No,4958,4959
UPA4p_I3,UPA4p,Permanent,Interior,3,A,UPA4p_I3A,10,17/07/2016,13:49,01788_r,y,y,y,Yes,No,4960,4961
UPA4p_I3,UPA4p,Permanent,Interior,3,C,UPA4p_I3C,10,17/07/2016,13:59,01765_r,y,y,y,Yes,No,4969,4970
UPA4p_S4,UPA4p,Permanent,Stream,4,C,UPA4p_S4C,10,17/07/2016,14:37,01437_r,y,y,y,Yes,No,4996,4997
UPA4p_S4,UPA4p,Permanent,Stream,4,B,UPA4p_S4B,10,17/07/2016,14:43,01436_r,y,y,y,Yes,No,5012,5013
UPA4p_S3,UPA4p,Permanent,Stream,3,C,UPA4p_S3C,10,17/07/2016,14:57,01829_r,y,y,y,Yes,No,5024,5025
UPA4p_S3,UPA4p,Permanent,Stream,3,A,UPA4p_S3A,10,17/07/2016,15:07,01469_r,y,y,y,Yes,No,5038,5039
UPA4p_S3,UPA4p,Permanent,Stream,3,A,UPA4p_S3A,10,17/07/2016,15:07,01831_r,y,y,y,Yes,No,5042,5043
UPA4p_S2,UPA4p,Permanent,Stream,2,C,UPA4p_S2C,10,17/07/2016,15:15,01823_r,y,y,y,Yes,No,5053,5054
UPA4p_S2,UPA4p,Permanent,Stream,2,C,UPA4p_S2C,10,17/07/2016,15:15,01841_r,y,y,y,Yes,No,5057,5058
UPA4p_S1,UPA4p,Permanent,Stream,1,C,UPA4p_S1C,10,17/07/2016,15:33,01402_r,y,y,y,Yes,No,5071,5072
UPA4p_S1,UPA4p,Permanent,Stream,1,C,UPA4p_S1C,10,17/07/2016,15:33,01505_r,y,y,y,Yes,No,5073,5074
UPA4p_S1,UPA4p,Permanent,Stream,1,C,UPA4p_S1C,10,17/07/2016,15:33,01175_r,y,y,y,Yes,No,5081,5082
UPA4p_S1,UPA4p,Permanent,Stream,1,B,UPA4p_S1B,10,17/07/2016,15:43,01181_r,y,y,y,Yes,No,5088,5089
UPA4p_S1,UPA4p,Permanent,Stream,1,A,UPA4p_S1A,10,17/07/2016,15:49,01867_r,y,y,y,Yes,No,5093,5094
UPA4p_S1,UPA4p,Permanent,Stream,1,A,UPA4p_S1A,10,17/07/2016,15:49,01846_r,y,y,y,Yes,No,5097,5098
UPA4p_S1,UPA4p,Permanent,Stream,1,A,UPA4p_S1A,10,17/07/2016,15:49,01865_r,y,y,y,Yes,No,5101,5102
UPA4p_S1,UPA4p,Permanent,Stream,1,A,UPA4p_S1A,10,17/07/2016,15:49,01857_r,y,y,y,Yes,No,5105,5106
UPA2d_I1,UPA2d,Dry,Interior,1,B,UPA2d_I1B,04,23/07/2016,08:41,02150_r,y,y,y,Yes,No,5710,5711
UPA2d_I1,UPA2d,Dry,Interior,1,C,UPA2d_I1C,04,23/07/2016,08:46,02156_r,y,y,y,Yes,No,5726,5727
UPA2d_I2,UPA2d,Dry,Interior,2,B,UPA2d_I2B,04,23/07/2016,09:03,02083_r,y,y,y,Yes,No,5737,5738
UPA2d_I3,UPA2d,Dry,Interior,3,A,UPA2d_I3A,04,23/07/2016,09:21,02119_r,y,y,y,Yes,No,5783,5784
UPA2d_I3,UPA2d,Dry,Interior,3,B,UPA2d_I3B,04,23/07/2016,09:30,02055_r,y,y,y,Yes,No,5786,5787
UPA2d_I4,UPA2d,Dry,Interior,4,A,UPA2d_I4A,04,23/07/2016,09:43,02098_r,y,y,y,Yes,No,5806,5807
UPA2d_I4,UPA2d,Dry,Interior,4,B,UPA2d_I4B,04,23/07/2016,09:54,02138_r,y,y,y,Yes,No,5826,5827
UPA2d_S3,UPA2d,Dry,Stream,3,A,UPA2d_S3A,04,23/07/2016,10:39,02058_r,y,y,y,Yes,No,5881,5882
UPA2d_S2,UPA2d,Dry,Stream,2,C,UPA2d_S2C,04,23/07/2016,10:46,02054_r,y,y,y,Yes,No,5899,5900
UPA2d_S1,UPA2d,Dry,Stream,1,C,UPA2d_S1C,04,23/07/2016,11:11,02040_r,y,y,y,Yes,No,5936,5937
PRId_I4,PRId,Dry,Interior,4,C,PRId_I4C,04,23/07/2016,14:29,02032_r,y,y,y,Yes,No,6060,6061
PRId_I4,PRId,Dry,Interior,4,C,PRId_I4C,04,23/07/2016,14:29,02030_r,y,y,y,Yes,No,6068,6069
PRId_I1,PRId,Dry,Interior,1,B,PRId_I1B,06,25/07/2016,08:05,02355_r,y,y,y,Yes,No,6222,6223
PRId_I3,PRId,Dry,Interior,3,A,PRId_I3A,06,25/07/2016,08:32,02334_r,y,y,y,Yes,No,6252,6253
PRId_I4,PRId,Dry,Interior,4,B,PRId_I4B,06,25/07/2016,08:45,02009_r,y,y,y,Yes,No,6258,6259
PRId_I4,PRId,Dry,Interior,4,C,PRId_I4C,06,25/07/2016,08:47,02331_r,y,y,y,Yes,No,6261,6262
PRId_S3,PRId,Dry,Stream,3,A,PRId_S3A,06,25/07/2016,09:28,02026_r,y,y,y,Yes,No,6290,6291
PRId_S2,PRId,Dry,Stream,2,C,PRId_S2C,06,25/07/2016,09:33,02307_r,y,y,y,Yes,No,6293,6294
PRId_S1,PRId,Dry,Stream,1,A,PRId_S1A,06,25/07/2016,09:53,02295_r,y,y,y,Yes,No,6324,6326
PRId_S1,PRId,Dry,Stream,1,A,PRId_S1A,06,25/07/2016,09:53,02296_r,y,y,y,Yes,No,6329,6330
UPA2d_S1,UPA2d,Dry,Stream,1,A,UPA2d_S1A,06,25/07/2016,10:56,02039_r,y,y,y,Yes,No,6334,6335
UPA2d_S1,UPA2d,Dry,Stream,1,A,UPA2d_S1A,06,25/07/2016,10:56,02279_r,y,y,y,Yes,No,6344,6345
UPA2d_S2,UPA2d,Dry,Stream,2,B,UPA2d_S2B,06,25/07/2016,11:22,02262_r,y,y,y,Yes,No,6376,6377
UPA2d_S2,UPA2d,Dry,Stream,2,B,UPA2d_S2B,06,25/07/2016,11:22,02270_r,y,n,y,Yes,No,6386,NA
UPA2d_S2,UPA2d,Dry,Stream,2,B,UPA2d_S2B,06,25/07/2016,11:22,02268_r,y,y,y,Yes,No,6389,6390
UPA2d_S2,UPA2d,Dry,Stream,2,C,UPA2d_S2C,06,25/07/2016,11:33,02273_r,y,y,y,Yes,No,6412,6413
UPA2d_S3,UPA2d,Dry,Stream,3,C,UPA2d_S3C,06,25/07/2016,11:54,02250_r,y,y,y,Yes,No,6435,6436
UPA2d_S4,UPA2d,Dry,Stream,4,A,UPA2d_S4A,06,25/07/2016,12:09,02237_r,y,y,y,Yes,No,6449,6450
UPA2d_S4,UPA2d,Dry,Stream,4,A,UPA2d_S4A,06,25/07/2016,12:09,02246_r,y,y,y,Yes,No,6457,6458
UPA2d_S4,UPA2d,Dry,Stream,4,B,UPA2d_S4B,06,25/07/2016,12:21,02071_r,y,y,y,Yes,No,6473,6474
UPA2d_I4,UPA2d,Dry,Interior,4,C,UPA2d_I4C,06,25/07/2016,12:38,02093_r,y,y,y,Yes,No,6495,6496
UPA2d_I4,UPA2d,Dry,Interior,4,C,UPA2d_I4C,06,25/07/2016,12:38,02105_r,y,y,y,Yes,No,6497,6498
UPA2d_I4,UPA2d,Dry,Interior,4,B,UPA2d_I4B,06,25/07/2016,12:46,02230_r,y,y,y,Yes,No,6508,6509
UPA2d_I4,UPA2d,Dry,Interior,4,A,UPA2d_I4A,06,25/07/2016,12:52,02221_r,y,y,y,Yes,No,6519,6520
UPA2d_I3,UPA2d,Dry,Interior,3,A,UPA2d_I3A,06,25/07/2016,13:18,02107_r,y,y,y,Yes,No,6567,6568
UPA2d_I2,UPA2d,Dry,Interior,2,B,UPA2d_I2B,06,25/07/2016,13:40,02063_r,y,y,y,Yes,No,6607,6608
UPA2d_I1,UPA2d,Dry,Interior,1,A,UPA2d_I1A,06,25/07/2016,14:12,02081_r,y,y,y,Yes,No,6664,6665
UPA2d_I1,UPA2d,Dry,Interior,1,A,UPA2d_I1A,06,25/07/2016,14:12,02144_r,y,y,y,Yes,No,6670,6671
UPA2d_I1,UPA2d,Dry,Interior,1,A,UPA2d_I1A,08,27/07/2016,08:13,02036_r,y,y,y,Yes,No,6762,6763
UPA2d_I2,UPA2d,Dry,Interior,2,A,UPA2d_I2A,08,27/07/2016,08:33,02083_r,y,y,y,Yes,No,6782,6783
UPA2d_I2,UPA2d,Dry,Interior,2,A,UPA2d_I2A,08,27/07/2016,08:33,02052_r,y,y,y,Yes,No,6786,6787
UPA2d_I2,UPA2d,Dry,Interior,2,A,UPA2d_I2A,08,27/07/2016,08:33,02420_r,y,y,y,Yes,No,6788,6789
UPA2d_I2,UPA2d,Dry,Interior,2,A,UPA2d_I2A,08,27/07/2016,08:33,02489_r,y,y,y,Yes,No,6792,6793
UPA2d_I2,UPA2d,Dry,Interior,2,A,UPA2d_I2A,08,27/07/2016,08:33,02498_r,y,y,y,Yes,No,6795,6796
UPA2d_I2,UPA2d,Dry,Interior,2,C,UPA2d_I2C,08,27/07/2016,08:46,02206_r,y,y,y,Yes,No,6807,6808
UPA2d_I2,UPA2d,Dry,Interior,2,C,UPA2d_I2C,08,27/07/2016,08:46,02491_r,y,y,y,Yes,No,6813,6814
UPA2d_I2,UPA2d,Dry,Interior,2,C,UPA2d_I2C,08,27/07/2016,08:46,02493_r,y,y,y,Yes,No,6817,6818
UPA2d_I2,UPA2d,Dry,Interior,2,C,UPA2d_I2C,08,27/07/2016,08:46,02488_r,y,y,y,Yes,No,6819,6820
UPA2d_I2,UPA2d,Dry,Interior,2,C,UPA2d_I2C,08,27/07/2016,08:46,02195_r,y,y,y,Yes,No,6821,6822
UPA2d_I3,UPA2d,Dry,Interior,3,A,UPA2d_I3A,08,27/07/2016,09:01,02484_r,y,y,y,Yes,No,6832,6833
UPA2d_I3,UPA2d,Dry,Interior,3,A,UPA2d_I3A,08,27/07/2016,09:01,02110_r,y,y,y,Yes,No,6842,6844
UPA2d_I3,UPA2d,Dry,Interior,3,C,UPA2d_I3C,08,27/07/2016,09:13,02215_r,y,y,y,Yes,No,6856,6857
UPA2d_I3,UPA2d,Dry,Interior,3,C,UPA2d_I3C,08,27/07/2016,09:13,02472_r,y,y,y,Yes,No,6860,6861
UPA2d_I4,UPA2d,Dry,Interior,4,A,UPA2d_I4A,08,27/07/2016,09:23,02463_r,y,y,y,Yes,No,6875,6876
UPA2d_I4,UPA2d,Dry,Interior,4,A,UPA2d_I4A,08,27/07/2016,09:23,02193_r,y,y,y,Yes,No,6877,6878
UPA2d_I4,UPA2d,Dry,Interior,4,A,UPA2d_I4A,08,27/07/2016,09:23,02089_r,y,y,y,Yes,No,6879,6880
UPA2d_I4,UPA2d,Dry,Interior,4,B,UPA2d_I4B,08,27/07/2016,09:29,02105_r,y,y,y,Yes,No,6882,6883
UPA2d_I4,UPA2d,Dry,Interior,4,B,UPA2d_I4B,08,27/07/2016,09:29,02230_r,y,y,y,Yes,No,6886,6887
UPA2d_I4,UPA2d,Dry,Interior,4,C,UPA2d_I4C,08,27/07/2016,09:38,02469_r,y,y,y,Yes,No,6894,6895
UPA2d_S3,UPA2d,Dry,Stream,3,C,UPA2d_S3C,08,27/07/2016,10:18,02250_r,y,y,y,Yes,No,6938,6939
UPA2d_S3,UPA2d,Dry,Stream,3,B,UPA2d_S3B,08,27/07/2016,10:19,02400_r,y,y,y,Yes,No,6949,6950
UPA2d_S2,UPA2d,Dry,Stream,2,C,UPA2d_S2C,08,27/07/2016,10:33,02411_r,y,y,y,Yes,No,6973,6974
UPA2d_S2,UPA2d,Dry,Stream,2,C,UPA2d_S2C,08,27/07/2016,10:33,02422_r,y,y,y,Yes,No,6975,6976
UPA2d_S2,UPA2d,Dry,Stream,2,C,UPA2d_S2C,08,27/07/2016,10:33,02412_r,y,y,y,Yes,No,6987,6988
UPA2d_S2,UPA2d,Dry,Stream,2,B,UPA2d_S2B,08,27/07/2016,10:42,02061_r,y,y,y,Yes,No,7002,7003
UPA2d_S2,UPA2d,Dry,Stream,2,A,UPA2d_S2A,08,27/07/2016,10:49,02426_r,y,y,y,Yes,No,7014,7015
UPA2d_S2,UPA2d,Dry,Stream,2,A,UPA2d_S2A,08,27/07/2016,10:49,02262_r,y,y,y,Yes,No,7020,7021
UPA2d_S1,UPA2d,Dry,Stream,1,B,UPA2d_S1B,08,27/07/2016,11:09,02289_r,y,y,y,Yes,No,7036,7037
UPA2d_S1,UPA2d,Dry,Stream,1,A,UPA2d_S1A,08,27/07/2016,11:12,02397_r,y,y,y,Yes,No,7040,7041
PRId_S1,PRId,Dry,Stream,1,C,PRId_S1C,08,27/07/2016,12:35,02295_r,y,y,y,Yes,No,7071,7072
PRId_S1,PRId,Dry,Stream,1,C,PRId_S1C,08,27/07/2016,12:35,02299_r,y,y,y,Yes,No,7075,7076
PRId_S1,PRId,Dry,Stream,1,C,PRId_S1C,08,27/07/2016,12:35,02389_r,y,y,y,Yes,No,7081,7082
PRId_S3,PRId,Dry,Stream,3,B,PRId_S3B,08,27/07/2016,13:23,02311_r,y,y,y,Yes,No,7123,7124
PRId_S3,PRId,Dry,Stream,3,B,PRId_S3B,08,27/07/2016,13:23,02026_r,y,y,y,Yes,No,7125,7126
PRId_S4,PRId,Dry,Stream,4,C,PRId_S4C,08,27/07/2016,13:53,02380_r,y,y,y,Yes,No,7153,7154
PRId_I4,PRId,Dry,Interior,4,B,PRId_I4B,08,27/07/2016,14:08,02009_r,y,y,y,Yes,No,7172,7173
PRId_I2,PRId,Dry,Interior,2,C,PRId_I2C,08,27/07/2016,14:37,02386_r,y,y,y,Yes,No,7210,7211
PRId_I1,PRId,Dry,Interior,1,B,PRId_I1B,08,27/07/2016,14:52,02357_r,y,y,y,Yes,No,7233,7234
UPA2d_I1,UPA2d,Dry,Interior,1,C,UPA2d_I1C,10,29/07/2016,08:37,02469_r,y,y,y,Yes,No,7338,7339
UPA2d_I2,UPA2d,Dry,Interior,2,B,UPA2d_I2B,10,29/07/2016,08:50,02503_r,y,y,y,Yes,No,7358,7359
UPA2d_I2,UPA2d,Dry,Interior,2,C,UPA2d_I2C,10,29/07/2016,08:56,02553_r,y,y,y,Yes,No,7365,7366
UPA2d_I2,UPA2d,Dry,Interior,2,C,UPA2d_I2C,10,29/07/2016,08:56,02551_r,y,y,y,Yes,No,7370,7371
UPA2d_I2,UPA2d,Dry,Interior,2,C,UPA2d_I2C,10,29/07/2016,08:56,02208_r,y,y,y,Yes,No,7380,7381
UPA2d_I3,UPA2d,Dry,Interior,3,C,UPA2d_I3C,10,29/07/2016,09:17,02206_r,y,y,y,Yes,No,7399,7400
UPA2d_I4,UPA2d,Dry,Interior,4,A,UPA2d_I4A,10,29/07/2016,09:24,02256_r,y,y,y,Yes,No,7406,7407
UPA2d_I4,UPA2d,Dry,Interior,4,A,UPA2d_I4A,10,29/07/2016,09:24,02089_r,y,y,y,Yes,No,7408,7409
UPA2d_I4,UPA2d,Dry,Interior,4,A,UPA2d_I4A,10,29/07/2016,09:24,02232_r,y,y,y,Yes,No,7416,7417
UPA2d_I4,UPA2d,Dry,Interior,4,A,UPA2d_I4A,10,29/07/2016,09:24,02093_r,y,y,y,Yes,No,7418,7419
UPA2d_I4,UPA2d,Dry,Interior,4,B,UPA2d_I4B,10,29/07/2016,09:32,02463_r,y,y,y,Yes,No,7427,7428
UPA2d_I4,UPA2d,Dry,Interior,4,B,UPA2d_I4B,10,29/07/2016,09:32,02450_r,y,y,y,Yes,No,7429,7430
UPA2d_I4,UPA2d,Dry,Interior,4,B,UPA2d_I4B,10,29/07/2016,09:32,02230_r,y,y,y,Yes,No,7431,7432
UPA2d_I4,UPA2d,Dry,Interior,4,C,UPA2d_I4C,10,29/07/2016,09:40,02449_r,y,y,y,Yes,No,7456,7457
UPA2d_I4,UPA2d,Dry,Interior,4,C,UPA2d_I4C,10,29/07/2016,09:40,02573_r,y,y,y,Yes,No,7458,7459
UPA2d_I4,UPA2d,Dry,Interior,4,C,UPA2d_I4C,10,29/07/2016,09:40,02108_r,y,y,y,Yes,No,7460,7461
UPA2d_I4,UPA2d,Dry,Interior,4,C,UPA2d_I4C,10,29/07/2016,09:40,02101_r,y,y,y,Yes,No,7462,7463
UPA2d_S4,UPA2d,Dry,Stream,4,C,UPA2d_S4C,10,29/07/2016,09:56,02075_r,y,y,y,Yes,No,7476,7477
UPA2d_S4,UPA2d,Dry,Stream,4,A,UPA2d_S4A,10,29/07/2016,10:14,02054_r,y,y,y,Yes,No,7503,7504
UPA2d_S4,UPA2d,Dry,Stream,4,A,UPA2d_S4A,10,29/07/2016,10:14,02590_r,y,y,y,Yes,No,7507,7508
UPA2d_S4,UPA2d,Dry,Stream,4,A,UPA2d_S4A,10,29/07/2016,10:14,02237_r,y,y,y,Yes,No,7511,7512
UPA2d_S4,UPA2d,Dry,Stream,4,A,UPA2d_S4A,10,29/07/2016,10:14,02593_r,y,y,y,Yes,No,7519,7520
UPA2d_S3,UPA2d,Dry,Stream,3,C,UPA2d_S3C,10,29/07/2016,10:24,02220_r,y,y,y,Yes,No,7526,7527
UPA2d_S2,UPA2d,Dry,Stream,2,C,UPA2d_S2C,10,29/07/2016,10:47,02221_r,y,y,y,Yes,No,7565,7566
UPA2d_S2,UPA2d,Dry,Stream,2,C,UPA2d_S2C,10,29/07/2016,10:47,02453_r,y,y,y,Yes,No,7573,7574
UPA2d_S2,UPA2d,Dry,Stream,2,C,UPA2d_S2C,10,29/07/2016,10:47,02400_r,y,y,y,Yes,No,7581,7582
UPA2d_S2,UPA2d,Dry,Stream,2,C,UPA2d_S2C,10,29/07/2016,10:47,02618_r,y,y,y,Yes,No,7585,7586
UPA2d_S2,UPA2d,Dry,Stream,2,B,UPA2d_S2B,10,29/07/2016,10:56,02623_r,y,y,y,Yes,No,7592,7593
UPA2d_S2,UPA2d,Dry,Stream,2,B,UPA2d_S2B,10,29/07/2016,10:56,02611_r,y,y,y,Yes,No,7603,7604
UPA2d_S2,UPA2d,Dry,Stream,2,A,UPA2d_S2A,10,29/07/2016,11:04,02050_r,y,y,y,Yes,No,7606,7607
UPA2d_S2,UPA2d,Dry,Stream,2,A,UPA2d_S2A,10,29/07/2016,11:04,02426_r,y,y,y,Yes,No,7608,7609
UPA2d_S2,UPA2d,Dry,Stream,2,A,UPA2d_S2A,10,29/07/2016,11:04,02265_r,y,y,y,Yes,No,7612,7613
UPA2d_S2,UPA2d,Dry,Stream,2,A,UPA2d_S2A,10,29/07/2016,11:04,02412_r,y,y,y,Yes,No,7616,7617
UPA2d_S1,UPA2d,Dry,Stream,1,C,UPA2d_S1C,10,29/07/2016,11:15,02279_r,y,y,y,Yes,No,7627,7628
UPA2d_S1,UPA2d,Dry,Stream,1,C,UPA2d_S1C,10,29/07/2016,11:15,02629_r,y,y,y,Yes,No,7633,7634
UPA2d_S1,UPA2d,Dry,Stream,1,C,UPA2d_S1C,10,29/07/2016,11:15,02630_r,y,y,y,Yes,No,7635,7636
UPA2d_S1,UPA2d,Dry,Stream,1,A,UPA2d_S1A,10,29/07/2016,11:28,02636_r,y,y,y,Yes,No,7651,7652
PRId_S1,PRId,Dry,Stream,1,A,PRId_S1A,10,29/07/2016,12:37,02640_r,y,y,y,Yes,No,7660,7661
PRId_S1,PRId,Dry,Stream,1,B,PRId_S1B,10,29/07/2016,12:43,02295_r,y,y,y,Yes,No,7671,7672
PRId_S1,PRId,Dry,Stream,1,B,PRId_S1B,10,29/07/2016,12:43,02645_r,y,y,y,Yes,No,7675,7676
PRId_S1,PRId,Dry,Stream,1,C,PRId_S1C,10,29/07/2016,12:48,02389_r,y,y,y,Yes,No,7678,7679
PRId_S2,PRId,Dry,Stream,2,A,PRId_S2A,10,29/07/2016,12:57,02685_r,y,y,y,Yes,No,7691,7692
PRId_I4,PRId,Dry,Interior,4,A,PRId_I4A,10,29/07/2016,13:57,02334_r,y,y,y,Yes,No,7760,7761
PRId_I2,PRId,Dry,Interior,2,C,PRId_I2C,10,29/07/2016,14:16,02696_r,y,y,y,Yes,No,7768,7769
PRId_I2,PRId,Dry,Interior,2,C,PRId_I2C,10,29/07/2016,14:16,02007_r,y,y,y,Yes,No,7772,7773
PRId_I2,PRId,Dry,Interior,2,C,PRId_I2C,10,29/07/2016,14:16,02677_r,y,y,y,Yes,No,7774,7775
PRId_I2,PRId,Dry,Interior,2,B,PRId_I2B,10,29/07/2016,14:21,02676_r,y,y,y,Yes,No,7779,7780