point_code,site,stream,location,point_no,trap_no,trap_code,date,canopy_photo,canopy_cover,canopy_photo_date,understory_first,understory_last,understory1,understory2,understory3,understory4,max_canopy,mean_canopy,stream_width,channel_width,stream_depth,stream_date,tree_count,diam1,diam2,diam3,diam4,diam5,diam6,diam7,diam8,diam9,diam10,diam11,diam12,diam13,diam14,diam15,diam16,diam17,diam18,diam19,diam20,diam21,diam22,diam_sum,diam_mean,diam_median
PRIMd_S1,PRIMd,Dry,Stream,1,B,PRIMd_S1B,16/07/2016,4618,98.472,16/07/2016,7744,7748,NA,NA,NA,NA,26,12,4.55,NA,NA,16/07/2016,7,14,18.5,30.5,59,21,27,39,NA,NA,NA,NA,NA,NA,NA,NA,NA,NA,NA,NA,NA,NA,NA,209,29.9,27
PRIMd_S1,PRIMd,Dry,Stream,1,A,PRIMd_S1A,16/07/2016,4619,93.693,16/07/2016,7749,7753,NA,NA,NA,NA,22,15,4.07,NA,NA,16/07/2016,4,107.5,41,46.5,18.3,NA,NA,NA,NA,NA,NA,NA,NA,NA,NA,NA,NA,NA,NA,NA,NA,NA,NA,213.3,53.3,43.8
PRIMd_S1,PRIMd,Dry,Stream,1,C,PRIMd_S1C,16/07/2016,4620,98.829,16/07/2016,7754,7758,NA,NA,NA,NA,20,12,4.5,NA,NA,16/07/2016,4,19.8,15.6,107.5,26.6,NA,NA,NA,NA,NA,NA,NA,NA,NA,NA,NA,NA,NA,NA,NA,NA,NA,NA,169.5,42.4,23.2
PRIMd_S2,PRIMd,Dry,Stream,2,B,PRIMd_S2B,16/07/2016,4621,98.858,16/07/2016,7759,7765,NA,NA,NA,NA,25,14,5.99,NA,NA,16/07/2016,4,24.2,32,48.5,44.5,NA,NA,NA,NA,NA,NA,NA,NA,NA,NA,NA,NA,NA,NA,NA,NA,NA,NA,149.2,37.3,38.3
PRIMd_S2,PRIMd,Dry,Stream,2,A,PRIMd_S2A,16/07/2016,4623,95.843,16/07/2016,7766,7771,NA,NA,NA,NA,35,15,5.61,NA,NA,16/07/2016,5,18.5,38,78.5,76.5,25.8,NA,NA,NA,NA,NA,NA,NA,NA,NA,NA,NA,NA,NA,NA,NA,NA,NA,237.3,47.5,38
PRIMd_S2,PRIMd,Dry,Stream,2,C,PRIMd_S2C,16/07/2016,4624,99.101,16/07/2016,7772,7775,NA,NA,NA,NA,24,14,4.83,NA,NA,16/07/2016,5,17.5,100,104,65,50,NA,NA,NA,NA,NA,NA,NA,NA,NA,NA,NA,NA,NA,NA,NA,NA,NA,336.5,67.3,65
PRIMd_S3,PRIMd,Dry,Stream,3,B,PRIMd_S3B,16/07/2016,4626,98.222,16/07/2016,7776,7782,NA,NA,NA,NA,22,17,3.12,NA,NA,16/07/2016,11,38.5,17.6,13,14,11.1,17.6,31.2,9.5,13,35.5,54.5,35.2,NA,NA,NA,NA,NA,NA,NA,NA,NA,NA,290.7,24.2,17.6
PRIMd_S3,PRIMd,Dry,Stream,3,A,PRIMd_S3A,16/07/2016,4628,97.948,16/07/2016,7783,7786,NA,NA,NA,NA,20,16,2.62,NA,NA,16/07/2016,4,27.5,17,50.6,17.3,NA,NA,NA,NA,NA,NA,NA,NA,NA,NA,NA,NA,NA,NA,NA,NA,NA,NA,112.4,28.1,22.4
PRIMd_S3,PRIMd,Dry,Stream,3,C,PRIMd_S3C,16/07/2016,4629,98.473,16/07/2016,7787,7790,NA,NA,NA,NA,34,18,7.96,NA,NA,16/07/2016,7,41.4,16,41.5,37.5,29.2,17.5,12.9,NA,NA,NA,NA,NA,NA,NA,NA,NA,NA,NA,NA,NA,NA,NA,196,28,29.2
PRIMd_S4,PRIMd,Dry,Stream,4,B,PRIMd_S4B,16/07/2016,4631,95.626,16/07/2016,7791,7795,NA,NA,NA,NA,42,16,2.14,NA,NA,16/07/2016,9,13,144.6,93,15,84,56.5,28.3,22.1,72.5,NA,NA,NA,NA,NA,NA,NA,NA,NA,NA,NA,NA,NA,529,58.8,56.5
PRIMd_S4,PRIMd,Dry,Stream,4,A,PRIMd_S4A,16/07/2016,4633,97.528,16/07/2016,7796,7799,NA,NA,NA,NA,18,16,2.41,NA,NA,16/07/2016,11,28.5,80.5,30.2,48,23.6,21.1,52.6,52.5,24,34.5,30.2,NA,NA,NA,NA,NA,NA,NA,NA,NA,NA,NA,425.7,38.7,30.2
PRIMd_S4,PRIMd,Dry,Stream,4,C,PRIMd_S4C,16/07/2016,4635,97.776,16/07/2016,7800,7803,NA,NA,NA,NA,20,14,1.57,NA,NA,16/07/2016,8,24,30.1,10.3,18.8,19.7,11.9,19.5,43.5,NA,NA,NA,NA,NA,NA,NA,NA,NA,NA,NA,NA,NA,NA,177.8,22.2,19.6
PRIMd_I4,PRIMd,Dry,Interior,4,B,PRIMd_I4B,16/07/2016,4638,95.153,16/07/2016,7804,7807,NA,NA,NA,NA,45,16,NA,NA,NA,NA,3,74.9,10.8,10.7,NA,NA,NA,NA,NA,NA,NA,NA,NA,NA,NA,NA,NA,NA,NA,NA,NA,NA,NA,96.4,32.1,10.8
PRIMd_I4,PRIMd,Dry,Interior,4,C,PRIMd_I4C,16/07/2016,4641,94.483,16/07/2016,7808,7811,NA,NA,NA,NA,45,12,NA,NA,NA,NA,10,21.7,70,27.5,16,23,43,24.5,18.5,34.9,11.5,NA,NA,NA,NA,NA,NA,NA,NA,NA,NA,NA,NA,290.6,29.1,23.8
PRIMd_I4,PRIMd,Dry,Interior,4,A,PRIMd_I4A,16/07/2016,4642,97.023,16/07/2016,7812,7815,NA,NA,NA,NA,24,12,NA,NA,NA,NA,12,20.5,27.5,11.8,41.1,14.1,15.8,28,48,14.7,28,20,22.5,NA,NA,NA,NA,NA,NA,NA,NA,NA,NA,292,24.3,21.5
PRIMd_I3,PRIMd,Dry,Interior,3,B,PRIMd_I3B,16/07/2016,4643,95.963,16/07/2016,7816,7819,NA,NA,NA,NA,35,16,NA,NA,NA,NA,6,85,10.9,13.9,26.1,14.7,82.5,NA,NA,NA,NA,NA,NA,NA,NA,NA,NA,NA,NA,NA,NA,NA,NA,233.1,38.9,20.4
PRIMd_I3,PRIMd,Dry,Interior,3,C,PRIMd_I3C,16/07/2016,4646,96.472,16/07/2016,7820,7823,NA,NA,NA,NA,40,18,NA,NA,NA,NA,3,217,12.5,137.5,NA,NA,NA,NA,NA,NA,NA,NA,NA,NA,NA,NA,NA,NA,NA,NA,NA,NA,NA,367,122.3,137.5
PRIMd_I3,PRIMd,Dry,Interior,3,A,PRIMd_I3A,16/07/2016,4649,93.731,16/07/2016,7824,7827,NA,NA,NA,NA,35,18,NA,NA,NA,NA,9,19.6,62,15,19.5,93,43,22,19.5,10,NA,NA,NA,NA,NA,NA,NA,NA,NA,NA,NA,NA,NA,303.6,33.7,19.6
PRIMd_I2,PRIMd,Dry,Interior,2,B,PRIMd_I2B,16/07/2016,4651,92.448,16/07/2016,7828,7831,NA,NA,NA,NA,28,20,NA,NA,NA,NA,6,13,22.5,13.5,19.5,122,52.4,NA,NA,NA,NA,NA,NA,NA,NA,NA,NA,NA,NA,NA,NA,NA,NA,242.9,40.5,21
PRIMd_I2,PRIMd,Dry,Interior,2,C,PRIMd_I2C,16/07/2016,4652,95.703,16/07/2016,7832,7835,NA,NA,NA,NA,32,14,NA,NA,NA,NA,11,15,15,22,80,16,90,11.2,32.5,11.5,31.2,14.5,NA,NA,NA,NA,NA,NA,NA,NA,NA,NA,NA,338.9,30.8,16
PRIMd_I2,PRIMd,Dry,Interior,2,A,PRIMd_I2A,16/07/2016,4653,95.942,16/07/2016,7836,7839,NA,NA,NA,NA,28,20,NA,NA,NA,NA,10,19.8,14.5,13.9,54.5,27,26.5,102.5,49,15,16.5,NA,NA,NA,NA,NA,NA,NA,NA,NA,NA,NA,NA,339.2,33.9,23.2
PRIMd_I1,PRIMd,Dry,Interior,1,B,PRIMd_I1B,16/07/2016,4654,96.052,16/07/2016,7840,7844,NA,NA,NA,NA,19,12,NA,NA,NA,NA,7,18.5,27.5,28.5,24.2,12.3,37.4,11.3,NA,NA,NA,NA,NA,NA,NA,NA,NA,NA,NA,NA,NA,NA,NA,159.7,22.8,24.2
PRIMd_I1,PRIMd,Dry,Interior,1,C,PRIMd_I1C,16/07/2016,4656,95.693,16/07/2016,7845,7849,NA,NA,NA,NA,18,13,NA,NA,NA,NA,11,12,24,10.6,37.3,29,46,129,25,13.5,22,13.4,NA,NA,NA,NA,NA,NA,NA,NA,NA,NA,NA,361.8,32.9,24
PRIMd_I1,PRIMd,Dry,Interior,1,A,PRIMd_I1A,16/07/2016,4660,94.881,16/07/2016,7850,7854,NA,NA,NA,NA,28,14,NA,NA,NA,NA,6,20,29,43,26,22.1,116.5,NA,NA,NA,NA,NA,NA,NA,NA,NA,NA,NA,NA,NA,NA,NA,NA,256.6,42.8,27.5
UPA2p_S1,UPA2p,Permanent,Stream,1,B,UPA2p_S1B,20/07/2016,5161,98.755,20/07/2016,7859,7863,NA,NA,NA,NA,28,6,17.96,3.05,42.2,20/07/2016,13,18.8,21.1,37,16,26,65,10.2,10,12.7,28,26.5,33.2,19.6,NA,NA,NA,NA,NA,NA,NA,NA,NA,324.1,24.9,21.1
UPA2p_S1,UPA2p,Permanent,Stream,1,A,UPA2p_S1A,20/07/2016,5164,93.388,20/07/2016,7864,7870,NA,NA,NA,NA,32,18,15.31,2.09,31.4,20/07/2016,14,44.6,76.8,10.4,19,16.5,17.6,13.7,45.5,12.5,90.3,30.2,12.4,16,37.6,NA,NA,NA,NA,NA,NA,NA,NA,443.1,31.7,18.3
UPA2p_S1,UPA2p,Permanent,Stream,1,C,UPA2p_S1C,20/07/2016,5165,98.22,20/07/2016,7871,7874,NA,NA,NA,NA,40,16,16.63,2.53,27.7,20/07/2016,15,11.1,22,169,46.5,30.4,60,25.6,16.6,28,40.2,35,19,23,19.5,55.2,NA,NA,NA,NA,NA,NA,NA,601.1,40.1,28
UPA2p_S2,UPA2p,Permanent,Stream,2,B,UPA2p_S2B,20/07/2016,5167,93.354,20/07/2016,7875,7879,NA,NA,NA,NA,42,16,6.58,3.53,32.1,20/07/2016,10,54.6,73.4,30.9,161,21,18.7,43.6,146.5,26.3,25.1,NA,NA,NA,NA,NA,NA,NA,NA,NA,NA,NA,NA,601.1,60.1,37.3
UPA2p_S2,UPA2p,Permanent,Stream,2,A,UPA2p_S2A,20/07/2016,5168,92.791,20/07/2016,7880,7884,NA,NA,NA,NA,40,12,6.48,3.53,34.8,20/07/2016,16,12.5,18.6,35.6,37.4,27.4,12,31.2,44.2,55.6,80.9,49.5,13.7,12.5,56.7,36.5,45.2,NA,NA,NA,NA,NA,NA,569.5,35.6,36.1
UPA2p_S2,UPA2p,Permanent,Stream,2,C,UPA2p_S2C,20/07/2016,5170,93.477,20/07/2016,7885,7889,NA,NA,NA,NA,42,12,9.49,3.06,34.5,20/07/2016,17,32.7,27.7,29,40.3,18,29.3,14.5,16.5,43.4,12,30.5,17.7,24.2,17,146.7,26.5,72.7,NA,NA,NA,NA,NA,598.7,35.2,27.7
UPA2p_S3,UPA2p,Permanent,Stream,3,B,UPA2p_S3B,20/07/2016,5171,95.536,20/07/2016,7890,7894,NA,NA,NA,NA,33,16,21.02,2.06,38.5,20/07/2016,15,26,16.6,13,29.1,18.2,35.3,40.5,13.6,14.6,25.4,141.5,49.7,14,79.5,53.2,NA,NA,NA,NA,NA,NA,NA,570.2,38,26
UPA2p_S3,UPA2p,Permanent,Stream,3,A,UPA2p_S3A,20/07/2016,5172,95.106,20/07/2016,7895,7898,NA,NA,NA,NA,42,18,6.56,2.32,35.3,20/07/2016,14,25.5,50,15.7,30,13.2,18.7,27.7,16.5,15,15.2,16.5,38.5,22.5,15.5,NA,NA,NA,NA,NA,NA,NA,NA,320.5,22.9,17.6
UPA2p_S3,UPA2p,Permanent,Stream,3,C,UPA2p_S3C,20/07/2016,5173,97.822,20/07/2016,7899,7902,NA,NA,NA,NA,38,16,8.8,2.29,50,20/07/2016,11,26.7,15.7,74.4,35.2,17.6,48.4,34.2,36.7,24.1,51.8,250.4,NA,NA,NA,NA,NA,NA,NA,NA,NA,NA,NA,615.2,55.9,35.2
UPA2p_S4,UPA2p,Permanent,Stream,4,A,UPA2p_S4A,20/07/2016,5175,95.254,20/07/2016,7903,7905,NA,NA,NA,NA,24,16,10.36,2.83,24,20/07/2016,15,16,13,20.4,18.5,48.6,98.7,12.6,13.5,14.7,47.6,15,14.5,26.8,87,13.5,NA,NA,NA,NA,NA,NA,NA,460.4,30.7,16
UPA2p_S4,UPA2p,Permanent,Stream,4,C,UPA2p_S4C,20/07/2016,5176,97.018,20/07/2016,7906,7910,NA,NA,NA,NA,42,20,11.78,2.81,24.4,20/07/2016,14,78.5,95.5,30.6,20.5,39,25,42.3,77,18,90,16.6,54.2,15,18,NA,NA,NA,NA,NA,NA,NA,NA,620.2,44.3,34.8
UPA2p_S4,UPA2p,Permanent,Stream,4,B,UPA2p_S4B,20/07/2016,5177,98.301,20/07/2016,7911,7915,NA,NA,NA,NA,46,6,9.48,2.43,22.7,20/07/2016,15,15,32,12.5,18.6,31,133.4,54.3,14,25.5,15,16.7,30.1,19.6,18.3,28,NA,NA,NA,NA,NA,NA,NA,464,30.9,19.6
UPA2p_I4,UPA2p,Permanent,Interior,4,C,UPA2p_I4C,20/07/2016,5179,98.618,20/07/2016,7916,7919,NA,NA,NA,NA,18,14,NA,NA,NA,NA,4,30,46.7,30.8,11,NA,NA,NA,NA,NA,NA,NA,NA,NA,NA,NA,NA,NA,NA,NA,NA,NA,NA,118.5,29.6,30.4
UPA2p_I4,UPA2p,Permanent,Interior,4,B,UPA2p_I4B,20/07/2016,5182,96.89,20/07/2016,7920,7923,NA,NA,NA,NA,18,14,NA,NA,NA,NA,7,24,24.2,90.6,18,19.2,70.7,22,NA,NA,NA,NA,NA,NA,NA,NA,NA,NA,NA,NA,NA,NA,NA,268.7,38.4,24
UPA2p_I4,UPA2p,Permanent,Interior,4,A,UPA2p_I4A,20/07/2016,5185,97.215,20/07/2016,7924,7927,NA,NA,NA,NA,38,12,NA,NA,NA,NA,4,20.3,59,16,29.2,NA,NA,NA,NA,NA,NA,NA,NA,NA,NA,NA,NA,NA,NA,NA,NA,NA,NA,124.5,31.1,24.8
UPA2p_I3,UPA2p,Permanent,Interior,3,C,UPA2p_I3C,20/07/2016,5188,97.905,20/07/2016,7928,7931,NA,NA,NA,NA,28,28,NA,NA,NA,NA,5,44,14,43.4,28,26,NA,NA,NA,NA,NA,NA,NA,NA,NA,NA,NA,NA,NA,NA,NA,NA,NA,155.4,31.1,28
UPA2p_I3,UPA2p,Permanent,Interior,3,B,UPA2p_I3B,20/07/2016,5191,98.886,20/07/2016,7932,7935,NA,NA,NA,NA,28,8,NA,NA,NA,NA,7,41,30.5,25.5,53.5,16,23,57.3,NA,NA,NA,NA,NA,NA,NA,NA,NA,NA,NA,NA,NA,NA,NA,246.8,35.3,30.5
UPA2p_I3,UPA2p,Permanent,Interior,3,A,UPA2p_I3A,20/07/2016,5193,94.172,20/07/2016,7936,7939,NA,NA,NA,NA,45,32,NA,NA,NA,NA,9,133,15,28.5,23,27.6,22.5,28.3,107,21,NA,NA,NA,NA,NA,NA,NA,NA,NA,NA,NA,NA,NA,405.9,45.1,27.6
UPA2p_I2,UPA2p,Permanent,Interior,2,B,UPA2p_I2B,20/07/2016,5194,97.58,20/07/2016,7940,7943,NA,NA,NA,NA,45,14,NA,NA,NA,NA,22,35.7,85.5,23,35,19,30.7,16,13,28,50,15,29,37.4,18.7,15,76.4,35.2,23,115,28.4,32.3,11.5,772.8,35.1,28.7
UPA2p_I2,UPA2p,Permanent,Interior,2,C,UPA2p_I2C,20/07/2016,5195,98.035,20/07/2016,7944,7948,NA,NA,NA,NA,24,14,NA,NA,NA,NA,11,22,21,49.5,25,29,16,13,22,27.5,45,16,NA,NA,NA,NA,NA,NA,NA,NA,NA,NA,NA,286,26,22
UPA2p_I2,UPA2p,Permanent,Interior,2,A,UPA2p_I2A,20/07/2016,5197,97.726,20/07/2016,7949,7952,NA,NA,NA,NA,45,22,NA,NA,NA,NA,8,18,199,76,23.5,113,50.8,16.2,30.3,NA,NA,NA,NA,NA,NA,NA,NA,NA,NA,NA,NA,NA,NA,526.8,65.9,40.6
UPA2p_I1,UPA2p,Permanent,Interior,1,C,UPA2p_I1C,20/07/2016,5198,97.644,20/07/2016,7953,7956,NA,NA,NA,NA,16,14,NA,NA,NA,NA,11,30.6,24.3,30.6,15,30.5,70.1,23,34,24,20,46.5,NA,NA,NA,NA,NA,NA,NA,NA,NA,NA,NA,348.6,31.7,30.5
UPA2p_I1,UPA2p,Permanent,Interior,1,A,UPA2p_I1A,20/07/2016,5199,98.059,20/07/2016,7957,7961,NA,NA,NA,NA,26,22,NA,NA,NA,NA,7,30.6,154,75,21,20,30.4,40.6,NA,NA,NA,NA,NA,NA,NA,NA,NA,NA,NA,NA,NA,NA,NA,371.6,53.1,30.6
UPA2p_I1,UPA2p,Permanent,Interior,1,B,UPA2p_I1B,20/07/2016,5200,95.273,20/07/2016,7962,7965,NA,NA,NA,NA,24,22,NA,NA,NA,NA,7,40.6,16.5,22,29,60.5,35,127,NA,NA,NA,NA,NA,NA,NA,NA,NA,NA,NA,NA,NA,NA,NA,330.6,47.2,35
UPA5d_S1,UPA5d,Dry,Stream,1,A,UPA5d_S1A,20/07/2016,5201,96.434,20/07/2016,7966,7969,NA,NA,NA,NA,32,26,2.27,NA,NA,20/07/2016,7,57.5,16,116,19.7,90.2,26.5,25,NA,NA,NA,NA,NA,NA,NA,NA,NA,NA,NA,NA,NA,NA,NA,350.9,50.1,26.5
UPA5d_S1,UPA5d,Dry,Stream,1,B,UPA5d_S1B,20/07/2016,5202,94.603,20/07/2016,7970,7973,NA,NA,NA,NA,50,22,3.8,NA,NA,20/07/2016,7,37,15,66.6,24,25,22,14.3,NA,NA,NA,NA,NA,NA,NA,NA,NA,NA,NA,NA,NA,NA,NA,203.9,29.1,24
UPA5d_S1,UPA5d,Dry,Stream,1,C,UPA5d_S1C,20/07/2016,5203,95.985,20/07/2016,7974,7978,NA,NA,NA,NA,42,22,4.52,NA,NA,20/07/2016,5,36,26,14,19,60.5,NA,NA,NA,NA,NA,NA,NA,NA,NA,NA,NA,NA,NA,NA,NA,NA,NA,155.5,31.1,26
UPA5d_S2,UPA5d,Dry,Stream,2,A,UPA5d_S2A,20/07/2016,5207,98.321,20/07/2016,7979,7982,NA,NA,NA,NA,17,15,5.6,NA,NA,20/07/2016,5,30.7,21,19,20,29,NA,NA,NA,NA,NA,NA,NA,NA,NA,NA,NA,NA,NA,NA,NA,NA,NA,119.7,23.9,21
UPA5d_S2,UPA5d,Dry,Stream,2,B,UPA5d_S2B,20/07/2016,5208,87.078,20/07/2016,7983,7987,NA,NA,NA,NA,NA,NA,5.3,NA,NA,20/07/2016,3,29,30.3,25,NA,NA,NA,NA,NA,NA,NA,NA,NA,NA,NA,NA,NA,NA,NA,NA,NA,NA,NA,84.3,28.1,29
UPA5d_S2,UPA5d,Dry,Stream,2,C,UPA5d_S2C,20/07/2016,5211,94,20/07/2016,7988,7991,NA,NA,NA,NA,38,15,1.97,NA,NA,20/07/2016,8,32,70,14,20,120,77,173,17,NA,NA,NA,NA,NA,NA,NA,NA,NA,NA,NA,NA,NA,NA,523,65.4,51
UPA5d_S3,UPA5d,Dry,Stream,3,A,UPA5d_S3A,20/07/2016,5213,95.172,20/07/2016,7992,7995,NA,NA,NA,NA,45,18,2.46,NA,NA,20/07/2016,5,25,28,15,30.7,175,NA,NA,NA,NA,NA,NA,NA,NA,NA,NA,NA,NA,NA,NA,NA,NA,NA,273.7,54.7,28
UPA5d_S3,UPA5d,Dry,Stream,3,B,UPA5d_S3B,20/07/2016,5214,96.714,20/07/2016,7996,7999,NA,NA,NA,NA,50,33,4.99,NA,NA,20/07/2016,6,22,126,16,31.4,23,30.7,NA,NA,NA,NA,NA,NA,NA,NA,NA,NA,NA,NA,NA,NA,NA,NA,249.1,41.5,26.9
UPA5d_S3,UPA5d,Dry,Stream,3,C,UPA5d_S3C,20/07/2016,5217,97.932,20/07/2016,8000,8004,NA,NA,NA,NA,35,15,4.03,NA,NA,20/07/2016,8,109,21,20,49,51,18,23,80.9,NA,NA,NA,NA,NA,NA,NA,NA,NA,NA,NA,NA,NA,NA,371.9,46.5,36
UPA5d_S4,UPA5d,Dry,Stream,4,A,UPA5d_S4A,20/07/2016,5218,94.762,20/07/2016,8005,8008,NA,NA,NA,NA,45,10,4.37,NA,NA,20/07/2016,6,25.5,30.3,40.6,16,21,34,NA,NA,NA,NA,NA,NA,NA,NA,NA,NA,NA,NA,NA,NA,NA,NA,167.4,27.9,27.9
UPA5d_S4,UPA5d,Dry,Stream,4,B,UPA5d_S4B,20/07/2016,5219,92.799,20/07/2016,8013,8012,NA,NA,NA,NA,25,15,3.52,NA,NA,20/07/2016,5,23,38,105,30.8,29,NA,NA,NA,NA,NA,NA,NA,NA,NA,NA,NA,NA,NA,NA,NA,NA,NA,225.8,45.2,30.8
UPA5d_S4,UPA5d,Dry,Stream,4,C,UPA5d_S4C,20/07/2016,5220,93.61,20/07/2016,8013,8016,NA,NA,NA,NA,40,28,4.3,NA,NA,20/07/2016,3,123,231,30.4,NA,NA,NA,NA,NA,NA,NA,NA,NA,NA,NA,NA,NA,NA,NA,NA,NA,NA,NA,384.4,128.1,123
UPA5d_I4,UPA5d,Dry,Interior,4,C,UPA5d_I4C,20/07/2016,5221,97.107,20/07/2016,8017,8020,NA,NA,NA,NA,18,12,NA,NA,NA,NA,5,137,18,26,29,46,NA,NA,NA,NA,NA,NA,NA,NA,NA,NA,NA,NA,NA,NA,NA,NA,NA,256,51.2,29
UPA5d_I4,UPA5d,Dry,Interior,4,B,UPA5d_I4B,20/07/2016,5224,96.366,20/07/2016,8021,8024,NA,NA,NA,NA,35,20,NA,NA,NA,NA,8,15,18,27,92,21,87,88,14,NA,NA,NA,NA,NA,NA,NA,NA,NA,NA,NA,NA,NA,NA,362,45.3,24
UPA5d_I4,UPA5d,Dry,Interior,4,A,UPA5d_I4A,20/07/2016,5225,97.438,20/07/2016,8025,8028,NA,NA,NA,NA,NA,NA,NA,NA,NA,NA,4,14,76,15,114,NA,NA,NA,NA,NA,NA,NA,NA,NA,NA,NA,NA,NA,NA,NA,NA,NA,NA,219,54.8,45.5
UPA5d_I3,UPA5d,Dry,Interior,3,C,UPA5d_I3C,20/07/2016,5226,94.713,20/07/2016,8029,8032,NA,NA,NA,NA,20,12,NA,NA,NA,NA,9,30.4,13.5,20,29,32,14,70,24,20,NA,NA,NA,NA,NA,NA,NA,NA,NA,NA,NA,NA,NA,252.9,28.1,24
UPA5d_I3,UPA5d,Dry,Interior,3,B,UPA5d_I3B,20/07/2016,5227,96.947,20/07/2016,8033,8037,NA,NA,NA,NA,20,12,NA,NA,NA,NA,9,29,82.6,16,14,32,34.6,31,90.8,18.8,NA,NA,NA,NA,NA,NA,NA,NA,NA,NA,NA,NA,NA,348.8,38.8,31
UPA5d_I3,UPA5d,Dry,Interior,3,A,UPA5d_I3A,20/07/2016,5229,97.674,20/07/2016,8038,8041,NA,NA,NA,NA,30,18,NA,NA,NA,NA,10,113,16,20,35,27,107,33.5,15,21,50.4,NA,NA,NA,NA,NA,NA,NA,NA,NA,NA,NA,NA,437.9,43.8,30.3
UPA5d_I2,UPA5d,Dry,Interior,2,C,UPA5d_I2C,20/07/2016,5231,95.724,20/07/2016,8042,8046,NA,NA,NA,NA,30,10,NA,NA,NA,NA,5,19,40,25,37,15,NA,NA,NA,NA,NA,NA,NA,NA,NA,NA,NA,NA,NA,NA,NA,NA,NA,136,27.2,25
UPA5d_I2,UPA5d,Dry,Interior,2,B,UPA5d_I2B,20/07/2016,5232,89.863,20/07/2016,8047,8050,NA,NA,NA,NA,50,15,NA,NA,NA,NA,6,34,67,30,17,71,16,NA,NA,NA,NA,NA,NA,NA,NA,NA,NA,NA,NA,NA,NA,NA,NA,235,39.2,32
UPA5d_I2,UPA5d,Dry,Interior,2,A,UPA5d_I2A,20/07/2016,5233,93.959,20/07/2016,8051,8054,NA,NA,NA,NA,25,16,NA,NA,NA,NA,7,101,15,16,26,14,18,20,NA,NA,NA,NA,NA,NA,NA,NA,NA,NA,NA,NA,NA,NA,NA,210,30,18
UPA5d_I1,UPA5d,Dry,Interior,1,C,UPA5d_I1C,20/07/2016,5235,95.981,20/07/2016,8055,8058,NA,NA,NA,NA,40,18,NA,NA,NA,NA,7,29,16,41,16,45,18,184.2,NA,NA,NA,NA,NA,NA,NA,NA,NA,NA,NA,NA,NA,NA,NA,349.2,49.9,29
UPA5d_I1,UPA5d,Dry,Interior,1,B,UPA5d_I1B,20/07/2016,5236,95.46,20/07/2016,8059,8062,NA,NA,NA,NA,25,20,NA,NA,NA,NA,10,17,89,47,75,70.6,16,15,14,23,50.7,NA,NA,NA,NA,NA,NA,NA,NA,NA,NA,NA,NA,417.3,41.7,35
UPA5d_I1,UPA5d,Dry,Interior,1,A,UPA5d_I1A,20/07/2016,5237,93.979,20/07/2016,8063,8066,NA,NA,NA,NA,18,12,NA,NA,NA,NA,13,12,17,106,56,20,18,25,70.3,38,16,13,20,15,NA,NA,NA,NA,NA,NA,NA,NA,NA,426.3,32.8,20
UPA2d_S1,UPA2d,Dry,Stream,1,A,UPA2d_S1A,21/07/2016,5158,97.539,19/07/2016,8067,8071,NA,NA,NA,NA,35,14,2.39,NA,NA,21/07/2016,6,25,78,33,15,29,120,NA,NA,NA,NA,NA,NA,NA,NA,NA,NA,NA,NA,NA,NA,NA,NA,300,50,31
UPA2d_S1,UPA2d,Dry,Stream,1,B,UPA2d_S1B,21/07/2016,5154,98.749,19/07/2016,8072,8075,NA,NA,NA,NA,35,12,3.4,NA,NA,21/07/2016,9,26,34.7,12.2,26.5,14,35.6,92.6,24.6,77.3,NA,NA,NA,NA,NA,NA,NA,NA,NA,NA,NA,NA,NA,343.5,38.2,26.5
UPA2d_S1,UPA2d,Dry,Stream,1,C,UPA2d_S1C,21/07/2016,5157,99.021,19/07/2016,8076,8079,NA,NA,NA,NA,35,16,2.84,NA,NA,21/07/2016,6,36.2,32.3,75.2,41,14.2,14,NA,NA,NA,NA,NA,NA,NA,NA,NA,NA,NA,NA,NA,NA,NA,NA,212.9,35.5,34.3
UPA2d_S2,UPA2d,Dry,Stream,2,A,UPA2d_S2A,21/07/2016,5153,96.68,19/07/2016,8080,8083,NA,NA,NA,NA,38,22,4.94,NA,NA,21/07/2016,9,22,33.5,17,16,85,12,100,34.6,12.5,NA,NA,NA,NA,NA,NA,NA,NA,NA,NA,NA,NA,NA,332.6,37,22
UPA2d_S2,UPA2d,Dry,Stream,2,B,UPA2d_S2B,21/07/2016,5149,96.216,19/07/2016,8084,8086,NA,NA,NA,NA,30,18,5.18,NA,NA,21/07/2016,7,14,22.5,44,12.5,83.5,13,13.5,NA,NA,NA,NA,NA,NA,NA,NA,NA,NA,NA,NA,NA,NA,NA,203,29,14
UPA2d_S2,UPA2d,Dry,Stream,2,C,UPA2d_S2C,21/07/2016,5152,96.775,19/07/2016,8087,8091,NA,NA,NA,NA,35,14,2.65,NA,NA,21/07/2016,7,55,29.6,26,63.3,13.3,27,20.5,NA,NA,NA,NA,NA,NA,NA,NA,NA,NA,NA,NA,NA,NA,NA,234.7,33.5,27
UPA2d_S3,UPA2d,Dry,Stream,3,A,UPA2d_S3A,21/07/2016,5147,94.988,19/07/2016,8092,8095,NA,NA,NA,NA,25,16,3.63,NA,NA,21/07/2016,10,91.5,13,16,27,13,18,26,70.5,74,45.5,NA,NA,NA,NA,NA,NA,NA,NA,NA,NA,NA,NA,394.5,39.5,26.5
UPA2d_S3,UPA2d,Dry,Stream,3,B,UPA2d_S3B,21/07/2016,5145,97.219,19/07/2016,8096,8100,NA,NA,NA,NA,24,22,5.56,NA,NA,21/07/2016,5,38.5,32,13,100,33,NA,NA,NA,NA,NA,NA,NA,NA,NA,NA,NA,NA,NA,NA,NA,NA,NA,216.5,43.3,33
UPA2d_S3,UPA2d,Dry,Stream,3,C,UPA2d_S3C,21/07/2016,5146,95.41,19/07/2016,8101,8104,NA,NA,NA,NA,25,14,5.5,NA,NA,21/07/2016,10,17,20,15.6,41.5,78,20,45.6,16.5,21,39.5,NA,NA,NA,NA,NA,NA,NA,NA,NA,NA,NA,NA,314.7,31.5,20.5
UPA2d_S4,UPA2d,Dry,Stream,4,A,UPA2d_S4A,21/07/2016,5144,96.271,19/07/2016,8105,8108,NA,NA,NA,NA,28,16,10.18,NA,NA,21/07/2016,10,38.5,15.7,16.4,91.6,14.5,19.7,83.5,15.5,11.5,13,NA,NA,NA,NA,NA,NA,NA,NA,NA,NA,NA,NA,319.9,32,16.1
UPA2d_S4,UPA2d,Dry,Stream,4,B,UPA2d_S4B,21/07/2016,5138,97.705,19/07/2016,8109,8112,NA,NA,NA,NA,28,16,6.42,NA,NA,21/07/2016,10,20,28,12,50,18.5,14,14,24,22.5,43,NA,NA,NA,NA,NA,NA,NA,NA,NA,NA,NA,NA,246,24.6,21.3
UPA2d_S4,UPA2d,Dry,Stream,4,C,UPA2d_S4C,21/07/2016,5141,98.784,19/07/2016,8113,8116,NA,NA,NA,NA,35,26,7.58,NA,NA,21/07/2016,10,16.5,23,42,24,15,88,13,71,16,21,NA,NA,NA,NA,NA,NA,NA,NA,NA,NA,NA,NA,329.5,33,22
UPA2d_I4,UPA2d,Dry,Interior,4,C,UPA2d_I4C,21/07/2016,5135,97.475,19/07/2016,8117,8120,NA,NA,NA,NA,24,16,NA,NA,NA,NA,11,13,16,23,42,88.5,43,17,33,21,16,22,NA,NA,NA,NA,NA,NA,NA,NA,NA,NA,NA,334.5,30.4,22
UPA2d_I4,UPA2d,Dry,Interior,4,B,UPA2d_I4B,21/07/2016,5127,97.491,19/07/2016,8121,8124,NA,NA,NA,NA,28,14,NA,NA,NA,NA,9,48,42,30,28,38,24,19,18,30,NA,NA,NA,NA,NA,NA,NA,NA,NA,NA,NA,NA,NA,277,30.8,30
UPA2d_I4,UPA2d,Dry,Interior,4,A,UPA2d_I4A,21/07/2016,5132,95.937,19/07/2016,8125,8128,NA,NA,NA,NA,40,12,NA,NA,NA,NA,4,68,30,48,38,NA,NA,NA,NA,NA,NA,NA,NA,NA,NA,NA,NA,NA,NA,NA,NA,NA,NA,184,46,43
UPA2d_I3,UPA2d,Dry,Interior,3,C,UPA2d_I3C,21/07/2016,5125,98.159,19/07/2016,8129,8132,NA,NA,NA,NA,40,16,NA,NA,NA,NA,10,37,15,17.5,102,39.5,38,26,134,85,340,NA,NA,NA,NA,NA,NA,NA,NA,NA,NA,NA,NA,834,83.4,38.8
UPA2d_I3,UPA2d,Dry,Interior,3,B,UPA2d_I3B,21/07/2016,5122,95.699,19/07/2016,8133,8138,NA,NA,NA,NA,35,12,NA,NA,NA,NA,8,42.5,14,15,12,15,57,39,13.5,NA,NA,NA,NA,NA,NA,NA,NA,NA,NA,NA,NA,NA,NA,208,26,15
UPA2d_I3,UPA2d,Dry,Interior,3,A,UPA2d_I3A,21/07/2016,5123,97.092,19/07/2016,8139,8142,NA,NA,NA,NA,14,10,NA,NA,NA,NA,11,11,11,12,13,54,14,17,19,20,38,21,NA,NA,NA,NA,NA,NA,NA,NA,NA,NA,NA,230,20.9,17
UPA2d_I2,UPA2d,Dry,Interior,2,C,UPA2d_I2C,21/07/2016,5120,97.4,19/07/2016,8143,8146,NA,NA,NA,NA,30,15,NA,NA,NA,NA,7,21,25,54,21,15,51,23,NA,NA,NA,NA,NA,NA,NA,NA,NA,NA,NA,NA,NA,NA,NA,210,30,23
UPA2d_I2,UPA2d,Dry,Interior,2,B,UPA2d_I2B,21/07/2016,5117,98.297,19/07/2016,8147,8150,NA,NA,NA,NA,30,15,NA,NA,NA,NA,6,26,119,26,15,173,22,NA,NA,NA,NA,NA,NA,NA,NA,NA,NA,NA,NA,NA,NA,NA,NA,381,63.5,26
UPA2d_I2,UPA2d,Dry,Interior,2,A,UPA2d_I2A,21/07/2016,5119,91.39,19/07/2016,8151,8154,NA,NA,NA,NA,35,20,NA,NA,NA,NA,7,24,13.5,17,18,23,12,185,NA,NA,NA,NA,NA,NA,NA,NA,NA,NA,NA,NA,NA,NA,NA,292.5,41.8,18
UPA2d_I1,UPA2d,Dry,Interior,1,C,UPA2d_I1C,21/07/2016,5116,95.582,19/07/2016,8155,8158,NA,NA,NA,NA,15,12,NA,NA,NA,NA,4,15,31,35,48,NA,NA,NA,NA,NA,NA,NA,NA,NA,NA,NA,NA,NA,NA,NA,NA,NA,NA,129,32.3,33
UPA2d_I1,UPA2d,Dry,Interior,1,B,UPA2d_I1B,21/07/2016,5113,88.991,19/07/2016,8159,8162,NA,NA,NA,NA,24,18,NA,NA,NA,NA,8,45,36,13,119,51,13,55,28,NA,NA,NA,NA,NA,NA,NA,NA,NA,NA,NA,NA,NA,NA,360,45,40.5
UPA2d_I1,UPA2d,Dry,Interior,1,A,UPA2d_I1A,21/07/2016,5115,94.705,19/07/2016,8163,8166,NA,NA,NA,NA,14,12,NA,NA,NA,NA,4,18,13,18.5,24,NA,NA,NA,NA,NA,NA,NA,NA,NA,NA,NA,NA,NA,NA,NA,NA,NA,NA,73.5,18.4,18.3
PRIMp_S1,PRIMp,Permanent,Stream,1,A,PRIMp_S1A,22/07/2016,5622,97.204,22/07/2016,8167,8172,NA,NA,NA,NA,25,19,13.68,1.33,3,22/07/2016,8,52.5,11,32.5,22.5,20.5,98.5,25.6,29,NA,NA,NA,NA,NA,NA,NA,NA,NA,NA,NA,NA,NA,NA,292.1,36.5,27.3
PRIMp_S1,PRIMp,Permanent,Stream,1,B,PRIMp_S1B,22/07/2016,5623,91.718,22/07/2016,8173,8176,NA,NA,NA,NA,25,20,22.14,1.4,19.5,22/07/2016,7,40,28,35.5,56.5,47.4,78.8,112.5,NA,NA,NA,NA,NA,NA,NA,NA,NA,NA,NA,NA,NA,NA,NA,398.7,57,47.4
PRIMp_S1,PRIMp,Permanent,Stream,1,C,PRIMp_S1C,22/07/2016,5624,94.73,22/07/2016,8177,8180,NA,NA,NA,NA,18,15,10.8,2.62,27,22/07/2016,5,32.5,25,96,73,21,NA,NA,NA,NA,NA,NA,NA,NA,NA,NA,NA,NA,NA,NA,NA,NA,NA,247.5,49.5,32.5
PRIMp_S2,PRIMp,Permanent,Stream,2,A,PRIMp_S2A,22/07/2016,5625,95.038,22/07/2016,8181,8184,NA,NA,NA,NA,22,14,3.78,1.64,21.5,22/07/2016,10,96.8,79,14,14.5,11.8,32.8,114.6,17,19,13,NA,NA,NA,NA,NA,NA,NA,NA,NA,NA,NA,NA,412.5,41.3,18
PRIMp_S2,PRIMp,Permanent,Stream,2,B,PRIMp_S2B,22/07/2016,5626,95.639,22/07/2016,8185,8188,NA,NA,NA,NA,16,12,8.61,7.14,12.4,22/07/2016,10,32.5,24,11.5,22.6,24.7,31,34.3,22.2,25.4,24,NA,NA,NA,NA,NA,NA,NA,NA,NA,NA,NA,NA,252.2,25.2,24.4
PRIMp_S2,PRIMp,Permanent,Stream,2,C,PRIMp_S2C,22/07/2016,5627,98.642,22/07/2016,8189,8192,NA,NA,NA,NA,18,14,11.4,11.22,72,22/07/2016,7,23,24,71,19,14.5,15.5,35,NA,NA,NA,NA,NA,NA,NA,NA,NA,NA,NA,NA,NA,NA,NA,202,28.9,23
PRIMp_S3,PRIMp,Permanent,Stream,3,A,PRIMp_S3A,22/07/2016,5628,92.575,22/07/2016,8193,8196,NA,NA,NA,NA,16,12,5.69,2.66,29.3,22/07/2016,7,18,35,37,36,18,72.4,12,NA,NA,NA,NA,NA,NA,NA,NA,NA,NA,NA,NA,NA,NA,NA,228.4,32.6,35
PRIMp_S3,PRIMp,Permanent,Stream,3,B,PRIMp_S3B,22/07/2016,5629,97.587,22/07/2016,8197,8200,NA,NA,NA,NA,14,8,3.54,2.91,25.8,22/07/2016,10,15,18,34.5,52.5,19,25.5,26,205,26.4,96,NA,NA,NA,NA,NA,NA,NA,NA,NA,NA,NA,NA,517.9,51.8,26.2
PRIMp_S3,PRIMp,Permanent,Stream,3,C,PRIMp_S3C,22/07/2016,5631,97.221,22/07/2016,8201,8206,NA,NA,NA,NA,25,18,3.85,2.91,41,22/07/2016,11,118,15,16,32.5,34,185,20,25,53.7,35,55.5,NA,NA,NA,NA,NA,NA,NA,NA,NA,NA,NA,589.7,53.6,34
PRIMp_S4,PRIMp,Permanent,Stream,4,A,PRIMp_S4A,22/07/2016,5632,99.441,22/07/2016,8207,8211,NA,NA,NA,NA,35,12,4.85,2.48,7.2,22/07/2016,8,41.5,11.5,42.5,93.4,29.3,24,55,71,NA,NA,NA,NA,NA,NA,NA,NA,NA,NA,NA,NA,NA,NA,368.2,46,42
PRIMp_S4,PRIMp,Permanent,Stream,4,B,PRIMp_S4B,22/07/2016,5634,98.364,22/07/2016,8212,8216,NA,NA,NA,NA,24,16,3.96,2.72,55.5,22/07/2016,7,42.5,51,20,20.7,48,11.5,20,NA,NA,NA,NA,NA,NA,NA,NA,NA,NA,NA,NA,NA,NA,NA,213.7,30.5,20.7
PRIMp_S4,PRIMp,Permanent,Stream,4,C,PRIMp_S4C,22/07/2016,5635,98.692,22/07/2016,8217,8220,NA,NA,NA,NA,25,16,7.76,1.5,16.6,22/07/2016,13,77.5,12.5,36,55,114,15,54,17,15,16,20,119.5,18,NA,NA,NA,NA,NA,NA,NA,NA,NA,569.5,43.8,20
PRIMp_I4,PRIMp,Permanent,Interior,4,C,PRIMp_I4C,22/07/2016,5637,97.48,22/07/2016,8221,8224,NA,NA,NA,NA,28,17,NA,NA,NA,NA,8,11.5,12,29,24.5,50.8,12,15,31,NA,NA,NA,NA,NA,NA,NA,NA,NA,NA,NA,NA,NA,NA,185.8,23.2,19.8
PRIMp_I4,PRIMp,Permanent,Interior,4,B,PRIMp_I4B,22/07/2016,5639,97.018,22/07/2016,8225,8228,NA,NA,NA,NA,32,28,NA,NA,NA,NA,7,12.5,18,30.5,14,28.4,44.5,20.7,NA,NA,NA,NA,NA,NA,NA,NA,NA,NA,NA,NA,NA,NA,NA,168.6,24.1,20.7
PRIMp_I4,PRIMp,Permanent,Interior,4,A,PRIMp_I4A,22/07/2016,5640,96.24,22/07/2016,8229,8232,NA,NA,NA,NA,25,18,NA,NA,NA,NA,7,25,13,91,14,18,115,262,NA,NA,NA,NA,NA,NA,NA,NA,NA,NA,NA,NA,NA,NA,NA,538,76.9,25
PRIMp_I3,PRIMp,Permanent,Interior,3,C,PRIMp_I3C,22/07/2016,5642,96.013,22/07/2016,8233,8236,NA,NA,NA,NA,35,18,NA,NA,NA,NA,8,36,12,13,18,47,19,36,38,NA,NA,NA,NA,NA,NA,NA,NA,NA,NA,NA,NA,NA,NA,219,27.4,27.5
PRIMp_I3,PRIMp,Permanent,Interior,3,A,PRIMp_I3A,22/07/2016,5643,97.367,22/07/2016,8237,8240,NA,NA,NA,NA,50,25,NA,NA,NA,NA,8,22,16,22.2,24,31,17.5,20.5,24.3,NA,NA,NA,NA,NA,NA,NA,NA,NA,NA,NA,NA,NA,NA,177.5,22.2,22.1
PRIMp_I3,PRIMp,Permanent,Interior,3,B,PRIMp_I3B,22/07/2016,5645,95.514,22/07/2016,8241,8244,NA,NA,NA,NA,50,35,NA,NA,NA,NA,12,26,13,33,34,90,45,11,15,31,33,290,39,NA,NA,NA,NA,NA,NA,NA,NA,NA,NA,660,55,33
PRIMp_I2,PRIMp,Permanent,Interior,2,C,PRIMp_I2C,22/07/2016,5646,97.554,22/07/2016,8245,8248,NA,NA,NA,NA,40,12,NA,NA,NA,NA,11,14.5,15,15.5,16,14.8,12,12,53.4,15.3,72.8,176,NA,NA,NA,NA,NA,NA,NA,NA,NA,NA,NA,417.3,37.9,15.3
PRIMp_I2,PRIMp,Permanent,Interior,2,B,PRIMp_I2B,22/07/2016,5647,98.667,22/07/2016,8249,8252,NA,NA,NA,NA,35,22,NA,NA,NA,NA,11,16,14,26,12,11,41,20,13,12,31,37,NA,NA,NA,NA,NA,NA,NA,NA,NA,NA,NA,233,21.2,16
PRIMp_I2,PRIMp,Permanent,Interior,2,A,PRIMp_I2A,22/07/2016,5648,95.949,22/07/2016,8253,8256,NA,NA,NA,NA,35,25,NA,NA,NA,NA,10,19.6,11.5,28.5,30.7,12,123,78,16,15,172,NA,NA,NA,NA,NA,NA,NA,NA,NA,NA,NA,NA,506.3,50.6,24.1
PRIMp_I1,PRIMp,Permanent,Interior,1,B,PRIMp_I1B,22/07/2016,5649,97.619,22/07/2016,8257,8260,NA,NA,NA,NA,45,25,NA,NA,NA,NA,8,17,41,70,14,15,57,14,23.4,NA,NA,NA,NA,NA,NA,NA,NA,NA,NA,NA,NA,NA,NA,251.4,31.4,20.2
PRIMp_I1,PRIMp,Permanent,Interior,1,A,PRIMp_I1A,22/07/2016,5650,94.83,22/07/2016,8261,8264,NA,NA,NA,NA,50,20,NA,NA,NA,NA,9,11,16,42,13,27,25,45,65,158,NA,NA,NA,NA,NA,NA,NA,NA,NA,NA,NA,NA,NA,402,44.7,27
PRIMp_I1,PRIMp,Permanent,Interior,1,C,PRIMp_I1C,22/07/2016,5651,97.911,22/07/2016,8265,8268,NA,NA,NA,NA,35,25,NA,NA,NA,NA,7,122,29.5,78,72,57,15,39,NA,NA,NA,NA,NA,NA,NA,NA,NA,NA,NA,NA,NA,NA,NA,412.5,58.9,57
UPA4d_S1,UPA4d,Dry,Stream,1,A,UPA4d_S1A,22/07/2016,5654,96.628,22/07/2016,8269,8272,NA,NA,NA,NA,25,15,5.04,NA,NA,22/07/2016,7,78,25,46,88,130,91,22.5,NA,NA,NA,NA,NA,NA,NA,NA,NA,NA,NA,NA,NA,NA,NA,480.5,68.6,78
UPA4d_S1,UPA4d,Dry,Stream,1,B,UPA4d_S1B,22/07/2016,5655,98.01,22/07/2016,8273,8276,NA,NA,NA,NA,15,12,1.84,NA,NA,22/07/2016,6,15.5,25,12,84,56,20,NA,NA,NA,NA,NA,NA,NA,NA,NA,NA,NA,NA,NA,NA,NA,NA,212.5,35.4,22.5
UPA4d_S1,UPA4d,Dry,Stream,1,C,UPA4d_S1C,22/07/2016,5656,97.696,22/07/2016,8277,8280,NA,NA,NA,NA,16,12,2.44,NA,NA,22/07/2016,9,11,10.3,16,32.8,79,11,36,53,52,NA,NA,NA,NA,NA,NA,NA,NA,NA,NA,NA,NA,NA,301.1,33.5,32.8
UPA4d_S2,UPA4d,Dry,Stream,2,A,UPA4d_S2A,22/07/2016,5658,98.807,22/07/2016,8281,8284,NA,NA,NA,NA,12,8,4.86,NA,NA,22/07/2016,7,70,32,40.5,13,12.4,13.4,11,NA,NA,NA,NA,NA,NA,NA,NA,NA,NA,NA,NA,NA,NA,NA,192.3,27.5,13.4
UPA4d_S2,UPA4d,Dry,Stream,2,B,UPA4d_S2B,22/07/2016,5659,94.716,22/07/2016,8285,8288,NA,NA,NA,NA,20,12,4.75,NA,NA,22/07/2016,7,50,29,13,20,14,24,23.5,NA,NA,NA,NA,NA,NA,NA,NA,NA,NA,NA,NA,NA,NA,NA,173.5,24.8,23.5
UPA4d_S2,UPA4d,Dry,Stream,2,C,UPA4d_S2C,22/07/2016,5660,97.975,22/07/2016,8289,8293,NA,NA,NA,NA,14,8,4.17,NA,NA,22/07/2016,10,14,13,15,14,17,20,23.5,74,72,44,NA,NA,NA,NA,NA,NA,NA,NA,NA,NA,NA,NA,306.5,30.7,18.5
UPA4d_S3,UPA4d,Dry,Stream,3,A,UPA4d_S3A,22/07/2016,5661,99.226,22/07/2016,8294,8298,NA,NA,NA,NA,15,8,2.22,NA,NA,22/07/2016,8,33,52,21,44,16,22,35,23,NA,NA,NA,NA,NA,NA,NA,NA,NA,NA,NA,NA,NA,NA,246,30.8,28
UPA4d_S3,UPA4d,Dry,Stream,3,B,UPA4d_S3B,22/07/2016,5663,96.94,22/07/2016,8299,8302,NA,NA,NA,NA,18,12,2.05,NA,NA,22/07/2016,13,75,22,21,14,21,98,17,43,38,19,68,18,12,NA,NA,NA,NA,NA,NA,NA,NA,NA,466,35.8,21
UPA4d_S3,UPA4d,Dry,Stream,3,C,UPA4d_S3C,22/07/2016,5664,98.244,22/07/2016,8303,8306,NA,NA,NA,NA,14,8,2.69,NA,NA,22/07/2016,6,21.5,44.7,23.8,19.5,12.6,24,NA,NA,NA,NA,NA,NA,NA,NA,NA,NA,NA,NA,NA,NA,NA,NA,146.1,24.4,22.7
UPA4d_S4,UPA4d,Dry,Stream,4,A,UPA4d_S4A,22/07/2016,5666,92.051,22/07/2016,8307,8310,NA,NA,NA,NA,22,6,3.66,NA,NA,22/07/2016,9,23,17,56,20,13,14.5,15,39,48.5,NA,NA,NA,NA,NA,NA,NA,NA,NA,NA,NA,NA,NA,246,27.3,20
UPA4d_S4,UPA4d,Dry,Stream,4,B,UPA4d_S4B,22/07/2016,5668,95.218,22/07/2016,8311,8314,NA,NA,NA,NA,30,18,2.87,NA,NA,22/07/2016,9,23.5,37,12,50.2,24,70,225,33.6,149.4,NA,NA,NA,NA,NA,NA,NA,NA,NA,NA,NA,NA,NA,624.7,69.4,37
UPA4d_S4,UPA4d,Dry,Stream,4,C,UPA4d_S4C,22/07/2016,5669,98.584,22/07/2016,8315,8318,NA,NA,NA,NA,18,10,2.7,NA,NA,22/07/2016,8,29.5,23.2,14.7,26.6,28,165,26.3,31.7,NA,NA,NA,NA,NA,NA,NA,NA,NA,NA,NA,NA,NA,NA,345,43.1,27.3
UPA4d_I4,UPA4d,Dry,Interior,4,C,UPA4d_I4C,22/07/2016,5670,98.486,22/07/2016,8319,8322,NA,NA,NA,NA,16,12,NA,NA,NA,NA,10,110.5,38,50,19.2,41.7,14,13.4,45.2,44.3,85.5,NA,NA,NA,NA,NA,NA,NA,NA,NA,NA,NA,NA,461.8,46.2,43
UPA4d_I4,UPA4d,Dry,Interior,4,B,UPA4d_I4B,22/07/2016,5671,98.008,22/07/2016,8323,8326,NA,NA,NA,NA,9,7,NA,NA,NA,NA,8,11,28.6,21.4,16,21,12,20,45.2,NA,NA,NA,NA,NA,NA,NA,NA,NA,NA,NA,NA,NA,NA,175.2,21.9,20.5
UPA4d_I4,UPA4d,Dry,Interior,4,A,UPA4d_I4A,22/07/2016,5673,98.962,22/07/2016,8327,8330,NA,NA,NA,NA,35,7,NA,NA,NA,NA,10,12,36,36.2,106,37,12,149.3,13,30.5,22.4,NA,NA,NA,NA,NA,NA,NA,NA,NA,NA,NA,NA,454.4,45.4,33.3
UPA4d_I3,UPA4d,Dry,Interior,3,C,UPA4d_I3C,22/07/2016,5674,97.215,22/07/2016,8331,8334,NA,NA,NA,NA,14,12,NA,NA,NA,NA,10,78.6,32.7,16,47.3,40.8,56.3,20.5,15,24.8,20.7,NA,NA,NA,NA,NA,NA,NA,NA,NA,NA,NA,NA,352.7,35.3,28.8
UPA4d_I3,UPA4d,Dry,Interior,3,B,UPA4d_I3B,22/07/2016,5676,95.124,22/07/2016,8335,8338,NA,NA,NA,NA,28,14,NA,NA,NA,NA,3,94.5,182,59.4,NA,NA,NA,NA,NA,NA,NA,NA,NA,NA,NA,NA,NA,NA,NA,NA,NA,NA,NA,335.9,112,94.5
UPA4d_I3,UPA4d,Dry,Interior,3,A,UPA4d_I3A,22/07/2016,5679,94.599,22/07/2016,8339,8343,NA,NA,NA,NA,28,10,NA,NA,NA,NA,10,49.5,26,31,25.5,30,14.5,18,14,12,138.9,NA,NA,NA,NA,NA,NA,NA,NA,NA,NA,NA,NA,359.4,35.9,25.8
UPA4d_I2,UPA4d,Dry,Interior,2,C,UPA4d_I2C,22/07/2016,5681,96.209,22/07/2016,8344,8347,NA,NA,NA,NA,30,16,NA,NA,NA,NA,4,25,18,26.5,74.7,NA,NA,NA,NA,NA,NA,NA,NA,NA,NA,NA,NA,NA,NA,NA,NA,NA,NA,144.2,36.1,25.8
UPA4d_I2,UPA4d,Dry,Interior,2,B,UPA4d_I2B,22/07/2016,5682,96.367,22/07/2016,8348,8351,NA,NA,NA,NA,24,14,NA,NA,NA,NA,7,48.3,34.3,13.5,20,11,32.5,17,NA,NA,NA,NA,NA,NA,NA,NA,NA,NA,NA,NA,NA,NA,NA,176.6,25.2,20
UPA4d_I2,UPA4d,Dry,Interior,2,A,UPA4d_I2A,22/07/2016,5683,98.457,22/07/2016,8352,8356,NA,NA,NA,NA,35,28,NA,NA,NA,NA,5,14.5,57.6,32,71,258,NA,NA,NA,NA,NA,NA,NA,NA,NA,NA,NA,NA,NA,NA,NA,NA,NA,433.1,86.6,57.6
UPA4d_I1,UPA4d,Dry,Interior,1,C,UPA4d_I1C,22/07/2016,5685,98.167,22/07/2016,8357,8360,NA,NA,NA,NA,18,8,NA,NA,NA,NA,7,31,68,60,28,16.5,15,14,NA,NA,NA,NA,NA,NA,NA,NA,NA,NA,NA,NA,NA,NA,NA,232.5,33.2,28
UPA4d_I1,UPA4d,Dry,Interior,1,B,UPA4d_I1B,22/07/2016,5688,95.364,22/07/2016,8361,8364,NA,NA,NA,NA,18,14,NA,NA,NA,NA,6,29,11,73,32.4,95,37.6,NA,NA,NA,NA,NA,NA,NA,NA,NA,NA,NA,NA,NA,NA,NA,NA,278,46.3,35
UPA4d_I1,UPA4d,Dry,Interior,1,A,UPA4d_I1A,22/07/2016,5691,94.679,22/07/2016,8365,8368,NA,NA,NA,NA,20,10,NA,NA,NA,NA,6,67,47.6,150,33.5,18.6,18.3,NA,NA,NA,NA,NA,NA,NA,NA,NA,NA,NA,NA,NA,NA,NA,NA,335,55.8,40.6
UPA4p_S1,UPA4p,Permanent,Stream,1,A,UPA4p_S1A,26/07/2016,6725,98.821,26/07/2016,8487,8490,NA,NA,NA,NA,15,12,31.07,1.92,14.1,24/07/2016,11,15.7,79.7,16.4,15,11.9,14.6,28.2,10.3,14.8,30.6,22,NA,NA,NA,NA,NA,NA,NA,NA,NA,NA,NA,259.2,23.6,15.7
UPA4p_S1,UPA4p,Permanent,Stream,1,B,UPA4p_S1B,26/07/2016,6723,98.42,26/07/2016,8483,8486,NA,NA,NA,NA,16,14,13.65,2.51,13.4,24/07/2016,11,24.2,13.4,10.2,94.7,20.6,14,20.8,40.3,18,43.7,13.7,NA,NA,NA,NA,NA,NA,NA,NA,NA,NA,NA,313.6,28.5,20.6
UPA4p_S1,UPA4p,Permanent,Stream,1,C,UPA4p_S1C,26/07/2016,6722,97.908,26/07/2016,8479,8482,NA,NA,NA,NA,14,12,13.13,2.22,4.8,24/07/2016,6,13.3,12,12.1,32.3,39.7,69.6,NA,NA,NA,NA,NA,NA,NA,NA,NA,NA,NA,NA,NA,NA,NA,NA,179,29.8,22.8
UPA4p_S2,UPA4p,Permanent,Stream,2,A,UPA4p_S1A,26/07/2016,6719,94.049,26/07/2016,8475,8478,NA,NA,NA,NA,35,18,7.27,1.66,18.6,24/07/2016,10,15.4,15.3,89.4,12.6,11,10.5,166.8,75.7,16.3,66.7,NA,NA,NA,NA,NA,NA,NA,NA,NA,NA,NA,NA,479.7,48,15.9
UPA4p_S2,UPA4p,Permanent,Stream,2,B,UPA4p_S1B,26/07/2016,6718,93.855,26/07/2016,8471,8474,NA,NA,NA,NA,35,24,10.93,2.42,31.3,24/07/2016,15,12.8,13.9,15.6,51,12.2,35.7,81.4,20.5,14.6,16,10.9,11.8,25.6,13.3,92.5,NA,NA,NA,NA,NA,NA,NA,427.8,28.5,15.6
UPA4p_S2,UPA4p,Permanent,Stream,2,C,UPA4p_S1C,26/07/2016,6717,96.914,26/07/2016,8467,8470,NA,NA,NA,NA,25,14,5.77,1.37,12.7,24/07/2016,16,126.6,109.2,16.5,12.7,13,78.5,27,18.3,66,22.7,14.2,11.7,38.8,10.1,20.2,19.5,NA,NA,NA,NA,NA,NA,605,37.8,19.9
UPA4p_S3,UPA4p,Permanent,Stream,3,A,UPA4p_S1A,26/07/2016,6716,98.119,26/07/2016,8463,8466,NA,NA,NA,NA,35,12,12.19,2.07,12.2,24/07/2016,11,22.1,37.5,41.2,15.4,50.4,12.9,37.7,11.4,14.6,16.8,16.5,NA,NA,NA,NA,NA,NA,NA,NA,NA,NA,NA,276.5,25.1,16.8
UPA4p_S3,UPA4p,Permanent,Stream,3,B,UPA4p_S1B,26/07/2016,6715,98.677,26/07/2016,8459,8462,NA,NA,NA,NA,14,12,19.58,2.84,1.8,24/07/2016,7,11.4,37.7,50.1,15.5,28.8,103.3,35.8,NA,NA,NA,NA,NA,NA,NA,NA,NA,NA,NA,NA,NA,NA,NA,282.6,40.4,35.8
UPA4p_S3,UPA4p,Permanent,Stream,3,C,UPA4p_S1C,26/07/2016,6714,96.023,26/07/2016,8455,8458,NA,NA,NA,NA,22,14,3.4,1.4,8.5,24/07/2016,14,44.2,12.1,24.7,22.4,12.9,12.6,15.8,18,11.7,23.5,25.6,15.1,14,39.4,NA,NA,NA,NA,NA,NA,NA,NA,292,20.9,16.9
UPA4p_S4,UPA4p,Permanent,Stream,4,A,UPA4p_S1A,26/07/2016,6713,97.259,26/07/2016,8450,8454,NA,NA,NA,NA,14,14,5.1,2.1,11.5,24/07/2016,10,10.4,27.3,16.2,11.4,16.5,13,13.6,60.9,29,23.5,NA,NA,NA,NA,NA,NA,NA,NA,NA,NA,NA,NA,221.8,22.2,16.4
UPA4p_S4,UPA4p,Permanent,Stream,4,B,UPA4p_S1B,26/07/2016,6711,99.132,26/07/2016,8446,8449,NA,NA,NA,NA,20,16,16.88,1.59,11.1,24/07/2016,13,18,55.5,22,23.5,16.5,70,13.5,11.4,20,10.3,24,10.5,52.3,NA,NA,NA,NA,NA,NA,NA,NA,NA,347.5,26.7,20
UPA4p_S4,UPA4p,Permanent,Stream,4,C,UPA4p_S1C,26/07/2016,6709,99.271,26/07/2016,8442,8445,NA,NA,NA,NA,24,16,8.25,2.58,20.9,24/07/2016,10,15,23,45.6,15,12.9,24,13,20.5,12,10.9,NA,NA,NA,NA,NA,NA,NA,NA,NA,NA,NA,NA,191.9,19.2,15
UPA4p_I4,UPA4p,Permanent,Interior,4,A,UPA4p_I4A,26/07/2016,6708,95.282,26/07/2016,8415,8418,NA,NA,NA,NA,28,16,NA,NA,NA,NA,10,79.6,29.5,14.3,12,97.1,15.5,50.4,118.6,28.9,59,NA,NA,NA,NA,NA,NA,NA,NA,NA,NA,NA,NA,504.9,50.5,40
UPA4p_I4,UPA4p,Permanent,Interior,4,B,UPA4p_I4B,26/07/2016,6705,97.447,26/07/2016,8411,8414,NA,NA,NA,NA,14,12,NA,NA,NA,NA,10,16,93.2,31.6,15.1,17.5,58,16,26.5,24.3,10.5,NA,NA,NA,NA,NA,NA,NA,NA,NA,NA,NA,NA,308.7,30.9,20.9
UPA4p_I4,UPA4p,Permanent,Interior,4,C,UPA4p_I4C,26/07/2016,6704,96.511,26/07/2016,8407,8410,NA,NA,NA,NA,10,8,NA,NA,NA,NA,6,51.7,13.1,44,17,21.2,42.3,NA,NA,NA,NA,NA,NA,NA,NA,NA,NA,NA,NA,NA,NA,NA,NA,189.3,31.6,31.8
UPA4p_I3,UPA4p,Permanent,Interior,3,C,UPA4p_I3C,26/07/2016,6702,94.902,26/07/2016,8403,8406,NA,NA,NA,NA,25,17,NA,NA,NA,NA,7,15.5,21.4,14.6,18.3,12.6,18.6,15.6,NA,NA,NA,NA,NA,NA,NA,NA,NA,NA,NA,NA,NA,NA,NA,116.6,16.7,15.6
UPA4p_I3,UPA4p,Permanent,Interior,3,B,UPA4p_I3B,26/07/2016,6701,96.616,26/07/2016,8399,8402,NA,NA,NA,NA,16,14,NA,NA,NA,NA,6,22.5,12.4,18.4,12.5,11,65.5,NA,NA,NA,NA,NA,NA,NA,NA,NA,NA,NA,NA,NA,NA,NA,NA,142.3,23.7,15.5
UPA4p_I3,UPA4p,Permanent,Interior,3,A,UPA4p_I3A,26/07/2016,6699,91.992,26/07/2016,8395,8398,NA,NA,NA,NA,22,16,NA,NA,NA,NA,4,90,65.4,33.5,24.5,NA,NA,NA,NA,NA,NA,NA,NA,NA,NA,NA,NA,NA,NA,NA,NA,NA,NA,213.4,53.4,49.5
UPA4p_I2,UPA4p,Permanent,Interior,2,C,UPA4p_I2C,26/07/2016,6697,98.106,26/07/2016,8391,8394,NA,NA,NA,NA,30,18,NA,NA,NA,NA,7,149.5,47,14.6,21.4,25.4,151.3,26,NA,NA,NA,NA,NA,NA,NA,NA,NA,NA,NA,NA,NA,NA,NA,435.2,62.2,26
UPA4p_I2,UPA4p,Permanent,Interior,2,B,UPA4p_I2B,26/07/2016,6696,94.859,26/07/2016,8387,8390,NA,NA,NA,NA,20,16,NA,NA,NA,NA,12,62.5,29,126,23.5,25.5,19,12,18.5,117.1,56,77.5,16,NA,NA,NA,NA,NA,NA,NA,NA,NA,NA,582.6,48.6,27.3
UPA4p_I2,UPA4p,Permanent,Interior,2,A,UPA4p_I2A,26/07/2016,6695,94.485,26/07/2016,8383,8386,NA,NA,NA,NA,24,20,NA,NA,NA,NA,7,15.4,16.6,17.5,22,12.5,85,13.8,NA,NA,NA,NA,NA,NA,NA,NA,NA,NA,NA,NA,NA,NA,NA,182.8,26.1,16.6
UPA4p_I1,UPA4p,Permanent,Interior,1,C,UPA4p_I1C,26/07/2016,6694,96.272,26/07/2016,8379,8382,NA,NA,NA,NA,25,14,NA,NA,NA,NA,8,12,11.1,10.1,25,52,16,15.7,67.5,NA,NA,NA,NA,NA,NA,NA,NA,NA,NA,NA,NA,NA,NA,209.4,26.2,15.9
UPA4p_I1,UPA4p,Permanent,Interior,1,B,UPA4p_I1B,26/07/2016,6691,97.302,26/07/2016,8375,8378,NA,NA,NA,NA,28,15,NA,NA,NA,NA,12,36.5,122.5,15.1,22.3,32.5,14.6,18,10.8,20.1,25,22.5,53.8,NA,NA,NA,NA,NA,NA,NA,NA,NA,NA,393.7,32.8,22.4
UPA4p_I1,UPA4p,Permanent,Interior,1,A,UPA4p_I1A,26/07/2016,6690,96.408,26/07/2016,8371,8374,NA,NA,NA,NA,16,12,NA,NA,NA,NA,12,26,82,32,157,16,18,47,16.7,11.4,18.6,77.3,11.8,NA,NA,NA,NA,NA,NA,NA,NA,NA,NA,513.8,42.8,22.3
UPA5p_S1,UPA5p,Permanent,Stream,1,A,UPA5p_S1A,26/07/2016,6759,95.631,26/07/2016,8588,8591,NA,NA,NA,NA,40,25,6.66,1.96,10.2,24/07/2016,17,12.2,316,19.9,10.4,32.7,19.7,13.5,12.4,17.6,10.5,56.6,72.3,20.1,125.7,13.6,11.4,32.5,NA,NA,NA,NA,NA,797.1,46.9,19.7
UPA5p_S1,UPA5p,Permanent,Stream,1,B,UPA5p_S1B,26/07/2016,6758,97.808,26/07/2016,8584,8587,NA,NA,NA,NA,30,20,3.18,2.39,20.2,24/07/2016,16,13.5,11.3,10.8,36.6,11.4,11.8,29.5,100.5,41.3,14.3,13.9,31.4,12,14.7,42.5,10.2,NA,NA,NA,NA,NA,NA,405.7,25.4,14.1
UPA5p_S1,UPA5p,Permanent,Stream,1,C,UPA5p_S1C,26/07/2016,6756,95.308,26/07/2016,8580,8583,NA,NA,NA,NA,16,14,5.13,4.31,27.1,24/07/2016,9,16.2,37.3,151.3,162.5,24.8,24,15.9,16.3,66.2,NA,NA,NA,NA,NA,NA,NA,NA,NA,NA,NA,NA,NA,514.5,57.2,24.8
UPA5p_S2,UPA5p,Permanent,Stream,2,C,UPA5p_S2C,26/07/2016,6752,92.992,26/07/2016,8566,8569,NA,NA,NA,NA,35,22,16.24,2.77,15.2,24/07/2016,14,14.2,24.4,14.8,19.5,12.2,19.1,11.7,50.3,47.5,25.1,14.5,34.7,17.7,18.8,NA,NA,NA,NA,NA,NA,NA,NA,324.5,23.2,19
UPA5p_S2,UPA5p,Permanent,Stream,2,B,UPA5p_S2B,26/07/2016,6753,92.982,26/07/2016,8570,8573,NA,NA,NA,NA,18,18,15.9,2.72,9.1,24/07/2016,12,17.8,25.5,24.4,15.3,11.8,35.4,12.9,47.4,66.7,30.8,38.6,30.2,NA,NA,NA,NA,NA,NA,NA,NA,NA,NA,356.8,29.7,27.9
UPA5p_S2,UPA5p,Permanent,Stream,2,A,UPA5p_S2A,26/07/2016,6754,95.555,26/07/2016,8574,8577,NA,NA,NA,NA,30,22,20.35,3.38,17,24/07/2016,11,57.2,85.7,190.2,15.8,102.2,28.1,36,17.5,22.9,58.2,14.7,NA,NA,NA,NA,NA,NA,NA,NA,NA,NA,NA,628.5,57.1,36
UPA5p_S3,UPA5p,Permanent,Stream,3,C,UPA5p_S3C,26/07/2016,6745,98.298,26/07/2016,8550,8553,NA,NA,NA,NA,24,18,40.42,2.82,16.3,24/07/2016,16,17.7,34.3,37,14.4,18.9,13.1,215.4,14,15.9,29.9,133.7,14.4,10.6,150.4,17.3,79.5,NA,NA,NA,NA,NA,NA,816.5,51,18.3
UPA5p_S3,UPA5p,Permanent,Stream,3,A,UPA5p_S3A,26/07/2016,6743,97.691,26/07/2016,8542,8545,NA,NA,NA,NA,28,18,30.42,3.03,17.1,24/07/2016,13,11.7,23.2,220,15.7,50.3,14.8,19.5,31.5,17.5,15.2,29.7,24.1,37,NA,NA,NA,NA,NA,NA,NA,NA,NA,510.2,39.2,23.2
UPA5p_S3,UPA5p,Permanent,Stream,3,B,UPA5p_S3B,26/07/2016,6744,96.667,26/07/2016,8546,8549,NA,NA,NA,NA,35,25,24.03,1.49,16.9,24/07/2016,14,12.4,14.6,22.6,14.7,29,27.1,10.6,71.7,21.3,22,37.7,29.8,14.5,91.8,NA,NA,NA,NA,NA,NA,NA,NA,419.8,30,22.3
UPA5p_S4,UPA5p,Permanent,Stream,4,A,UPA5p_S4A,26/07/2016,6749,97.267,26/07/2016,8562,8565,NA,NA,NA,NA,35,22,42.89,4.86,31.6,24/07/2016,15,33.1,35.5,33.7,16.6,18.3,12.9,69.9,31,15,16,138,18.2,15.6,73.6,30.9,NA,NA,NA,NA,NA,NA,NA,558.3,37.2,30.9
UPA5p_S4,UPA5p,Permanent,Stream,4,B,UPA5p_S4B,26/07/2016,6748,95.198,26/07/2016,8558,8561,NA,NA,NA,NA,28,18,24.29,5.01,17.8,24/07/2016,10,63.2,148.7,11.2,17.6,12.1,89.8,83.1,26.4,18.4,33.5,NA,NA,NA,NA,NA,NA,NA,NA,NA,NA,NA,NA,504,50.4,30
UPA5p_S4,UPA5p,Permanent,Stream,4,C,UPA5p_S4C,26/07/2016,6747,96.633,26/07/2016,8554,8557,NA,NA,NA,NA,24,16,17.91,1.99,35.6,24/07/2016,13,37.4,12.6,17.7,34,48,113.2,18.1,10.5,11.7,39.7,14.1,73.1,16.3,NA,NA,NA,NA,NA,NA,NA,NA,NA,446.4,34.3,18.1
UPA5p_I1,UPA5p,Permanent,Interior,1,A,UPA5p_I1A,26/07/2016,6727,95.542,26/07/2016,8494,8497,NA,NA,NA,NA,35,18,NA,NA,NA,NA,7,18.7,23.5,146.5,29.4,26.9,48.7,58.6,NA,NA,NA,NA,NA,NA,NA,NA,NA,NA,NA,NA,NA,NA,NA,352.3,50.3,29.4
UPA5p_I1,UPA5p,Permanent,Interior,1,B,UPA5p_I1B,26/07/2016,6728,96.246,26/07/2016,8498,8501,NA,NA,NA,NA,18,12,NA,NA,NA,NA,6,40.7,62.3,51.9,31.4,39.1,39.6,NA,NA,NA,NA,NA,NA,NA,NA,NA,NA,NA,NA,NA,NA,NA,NA,265,44.2,40.2
UPA5p_I1,UPA5p,Permanent,Interior,1,C,UPA5p_I1C,26/07/2016,6729,95.443,26/07/2016,8502,8505,NA,NA,NA,NA,14,12,NA,NA,NA,NA,7,15.8,23.6,45.7,51,169.2,17,23.4,NA,NA,NA,NA,NA,NA,NA,NA,NA,NA,NA,NA,NA,NA,NA,345.7,49.4,23.6
UPA5p_I2,UPA5p,Permanent,Interior,2,A,UPA5p_I2A,26/07/2016,6730,97.206,26/07/2016,8506,8509,NA,NA,NA,NA,35,25,NA,NA,NA,NA,11,32.8,20.3,17,15.7,52.8,18.3,15.8,45.4,37.5,60.6,147.5,NA,NA,NA,NA,NA,NA,NA,NA,NA,NA,NA,463.7,42.2,32.8
UPA5p_I2,UPA5p,Permanent,Interior,2,B,UPA5p_I2B,26/07/2016,6733,97.5,26/07/2016,8514,8517,NA,NA,NA,NA,35,16,NA,NA,NA,NA,7,13.6,29.8,16.2,34.8,23.6,22.3,37.9,NA,NA,NA,NA,NA,NA,NA,NA,NA,NA,NA,NA,NA,NA,NA,178.2,25.5,23.6
UPA5p_I2,UPA5p,Permanent,Interior,2,C,UPA5p_I2C,26/07/2016,6731,97.594,26/07/2016,8510,8513,NA,NA,NA,NA,35,22,NA,NA,NA,NA,5,33.8,18.8,11,50.4,69.6,NA,NA,NA,NA,NA,NA,NA,NA,NA,NA,NA,NA,NA,NA,NA,NA,NA,183.6,36.7,33.8
UPA5p_I3,UPA5p,Permanent,Interior,3,A,UPA5p_I3A,26/07/2016,6735,96.663,26/07/2016,8518,8521,NA,NA,NA,NA,30,25,NA,NA,NA,NA,5,20.9,24.1,11.9,38.4,28.5,NA,NA,NA,NA,NA,NA,NA,NA,NA,NA,NA,NA,NA,NA,NA,NA,NA,123.8,24.8,24.1
UPA5p_I3,UPA5p,Permanent,Interior,3,B,UPA5p_I3B,26/07/2016,6736,96.226,26/07/2016,8522,8525,NA,NA,NA,NA,35,28,NA,NA,NA,NA,12,13,25.5,23.9,11.6,19,15.1,12.2,28.7,122.1,31,62.6,23.2,NA,NA,NA,NA,NA,NA,NA,NA,NA,NA,387.9,32.3,23.6
UPA5p_I3,UPA5p,Permanent,Interior,3,C,UPA5p_I3C,26/07/2016,6738,98.282,26/07/2016,8526,8529,NA,NA,NA,NA,40,16,NA,NA,NA,NA,16,16.3,62.8,31,10,63.3,18.8,10.6,33.1,23.5,78.3,23.1,62.9,13.5,16.2,10.7,10.3,NA,NA,NA,NA,NA,NA,484.4,30.3,21
UPA5p_I4,UPA5p,Permanent,Interior,4,A,UPA5p_I4A,26/07/2016,6739,98.594,26/07/2016,8530,8533,NA,NA,NA,NA,35,16,NA,NA,NA,NA,11,11.5,11.4,11.3,10.9,16.9,92.4,26.1,15.4,23.5,23.2,18.7,NA,NA,NA,NA,NA,NA,NA,NA,NA,NA,NA,261.3,23.8,16.9
UPA5p_I4,UPA5p,Permanent,Interior,4,B,UPA5p_I4B,26/07/2016,6741,96.155,26/07/2016,8534,8537,NA,NA,NA,NA,24,20,NA,NA,NA,NA,8,21.7,31.8,39.6,17.8,84.8,28.1,21,92.6,NA,NA,NA,NA,NA,NA,NA,NA,NA,NA,NA,NA,NA,NA,337.4,42.2,30
UPA5p_I4,UPA5p,Permanent,Interior,4,C,UPA5p_I4C,26/07/2016,6742,96.06,26/07/2016,8538,8541,NA,NA,NA,NA,30,12,NA,NA,NA,NA,10,11.4,30.6,14.4,14.7,14,18.2,57.8,12.1,12.2,54.3,NA,NA,NA,NA,NA,NA,NA,NA,NA,NA,NA,NA,239.7,24,14.6